"person_record_id","checked","chreosi_username","id","created_date","updated_date","created_by_id","created_by","is_sample"
"6a6d463bc97f40ace6558baa","true","στεφανος μεταξας","6a783ca6ec7b3337ada3d476","2026-08-09T08:39:02.310000","2026-08-09T08:39:02.310000","service_e26771ba-23cc-4ede-86d3-c06393e82682","service+e26771ba-23cc-4ede-86d3-c06393e82682@no-reply.base44.com","false"
"6a6d45cee00325afa67759a8","true","κυριακος νομικος","6a6e1726b0db22e1cf702c76","2026-08-01T15:56:22.125000","2026-08-01T15:56:22.125000","service_e26771ba-23cc-4ede-86d3-c06393e82682","service+e26771ba-23cc-4ede-86d3-c06393e82682@no-reply.base44.com","false"
"6a6d4628392f290e6c20c0a8","true","κυριακος νομικος","6a6e15c92138e435f38e4722","2026-08-01T15:50:33.868000","2026-08-01T15:50:33.868000","service_e26771ba-23cc-4ede-86d3-c06393e82682","service+e26771ba-23cc-4ede-86d3-c06393e82682@no-reply.base44.com","false"
"6a6d4628392f290e6c20c08b","true","κυριακος νομικος","6a6e132ea4fd8b0f785e9c74","2026-08-01T15:39:26.239000","2026-08-01T15:39:26.239000","service_e26771ba-23cc-4ede-86d3-c06393e82682","service+e26771ba-23cc-4ede-86d3-c06393e82682@no-reply.base44.com","false"
"6a6d4628392f290e6c20c08a","true","κυριακος νομικος","6a6e09f7590693a22a54f79d","2026-08-01T15:00:07.657000","2026-08-01T15:00:07.657000","service_e26771ba-23cc-4ede-86d3-c06393e82682","service+e26771ba-23cc-4ede-86d3-c06393e82682@no-reply.base44.com","false"
"6a6d45e2feb343ce9a6236d5","true","κυριακος νομικος","6a6e06e95710be6f0bd6797f","2026-08-01T14:47:05.045000","2026-08-01T14:47:05.045000","service_e26771ba-23cc-4ede-86d3-c06393e82682","service+e26771ba-23cc-4ede-86d3-c06393e82682@no-reply.base44.com","false"
"6a6d45cd45eb7147804f379c","true","κυριακος νομικος","6a6e05e1dd3889de87963dad","2026-08-01T14:42:41.637000","2026-08-01T14:42:41.637000","service_e26771ba-23cc-4ede-86d3-c06393e82682","service+e26771ba-23cc-4ede-86d3-c06393e82682@no-reply.base44.com","false"
"6a6d45cee00325afa67759aa","true","κυριακος νομικος","6a6e00174e392aebf573ff81","2026-08-01T14:17:59.760000","2026-08-01T14:17:59.760000","service_e26771ba-23cc-4ede-86d3-c06393e82682","service+e26771ba-23cc-4ede-86d3-c06393e82682@no-reply.base44.com","false"
"6a6d4628392f290e6c20c0aa","true","κυριακος νομικος","6a6dff9b5c01e4b404cfa904","2026-08-01T14:15:55.974000","2026-08-01T14:15:55.974000","service_e26771ba-23cc-4ede-86d3-c06393e82682","service+e26771ba-23cc-4ede-86d3-c06393e82682@no-reply.base44.com","false"
"6a6d45e21a1f0134d1c9dbed","true","γιωτα ππμ22","6a6df55c687e45657a6a0037","2026-08-01T13:32:12.937000","2026-08-01T13:32:12.937000","service_e26771ba-23cc-4ede-86d3-c06393e82682","service+e26771ba-23cc-4ede-86d3-c06393e82682@no-reply.base44.com","false"
"6a6d45e21a1f0134d1c9dbe9","true","γιωτα ππμ22","6a6df559696cdb83e7c9ebbb","2026-08-01T13:32:09.376000","2026-08-01T13:32:09.376000","service_e26771ba-23cc-4ede-86d3-c06393e82682","service+e26771ba-23cc-4ede-86d3-c06393e82682@no-reply.base44.com","false"
"6a6d4628392f290e6c20c0a6","true","κυριακος νομικος","6a6df4c50b5f4a54179e05ad","2026-08-01T13:29:41.379000","2026-08-01T13:29:41.379000","service_e26771ba-23cc-4ede-86d3-c06393e82682","service+e26771ba-23cc-4ede-86d3-c06393e82682@no-reply.base44.com","false"
"6a6d4628392f290e6c20c08d","true","κυριακος νομικος","6a6df4bdc0fbb15fd6dc0b11","2026-08-01T13:29:33.518000","2026-08-01T13:29:33.518000","service_e26771ba-23cc-4ede-86d3-c06393e82682","service+e26771ba-23cc-4ede-86d3-c06393e82682@no-reply.base44.com","false"
"6a6d463a34f8c42f0b603a4d","true","κυριακος νομικος","6a6df2e70d9f0ed4071c83ea","2026-08-01T13:21:43.790000","2026-08-01T13:21:43.790000","service_e26771ba-23cc-4ede-86d3-c06393e82682","service+e26771ba-23cc-4ede-86d3-c06393e82682@no-reply.base44.com","false"
"6a6d4628392f290e6c20c07f","true","κυριακος νομικος","6a6deb701936f998b3380768","2026-08-01T12:49:52.893000","2026-08-01T12:51:10.279000","service_e26771ba-23cc-4ede-86d3-c06393e82682","service+e26771ba-23cc-4ede-86d3-c06393e82682@no-reply.base44.com","false"
"6a6d4625dcb3e392caadad41","true","κωνσταντινος καρσερας","6a6de9bd1f02fe9b805863c7","2026-08-01T12:42:37.082000","2026-08-01T12:42:37.082000","service_e26771ba-23cc-4ede-86d3-c06393e82682","service+e26771ba-23cc-4ede-86d3-c06393e82682@no-reply.base44.com","false"
"6a6d4625dcb3e392caadad3c","false","κωνσταντινος καρσερας","6a6de9b8aa10c78e9fdace6f","2026-08-01T12:42:32.354000","2026-08-01T12:42:33.615000","service_e26771ba-23cc-4ede-86d3-c06393e82682","service+e26771ba-23cc-4ede-86d3-c06393e82682@no-reply.base44.com","false"
"6a6d45e21a1f0134d1c9dc03","true","λευτερης κπε-π21","6a6de9b64a3df1da3da6a7d9","2026-08-01T12:42:30.173000","2026-08-01T12:42:30.173000","service_e26771ba-23cc-4ede-86d3-c06393e82682","service+e26771ba-23cc-4ede-86d3-c06393e82682@no-reply.base44.com","false"
"6a6d45ccb443e71bc768d144","true","κωνσταντινος καρσερας","6a6de1857c63cd6e1bfb17f8","2026-08-01T12:07:33.637000","2026-08-01T12:07:33.637000","service_e26771ba-23cc-4ede-86d3-c06393e82682","service+e26771ba-23cc-4ede-86d3-c06393e82682@no-reply.base44.com","false"
"6a6d45ccb443e71bc768d145","true","κωνσταντινος καρσερας","6a6de185df00401cd4739bba","2026-08-01T12:07:33.042000","2026-08-01T12:07:33.042000","service_e26771ba-23cc-4ede-86d3-c06393e82682","service+e26771ba-23cc-4ede-86d3-c06393e82682@no-reply.base44.com","false"
"6a6d463a34f8c42f0b603a6a","true","πετρος χριστοδουλου","6a6ddb857dc6619ed11344de","2026-08-01T11:41:57.936000","2026-08-01T11:41:57.936000","service_e26771ba-23cc-4ede-86d3-c06393e82682","service+e26771ba-23cc-4ede-86d3-c06393e82682@no-reply.base44.com","false"
"6a6d463a34f8c42f0b603a64","true","πετρος χριστοδουλου","6a6ddb83b03c566781d03d23","2026-08-01T11:41:55.913000","2026-08-01T11:41:55.913000","service_e26771ba-23cc-4ede-86d3-c06393e82682","service+e26771ba-23cc-4ede-86d3-c06393e82682@no-reply.base44.com","false"
"6a6d4628392f290e6c20c0a0","true","κυριακος νομικος","6a6dd7189bffe7531dcc0bc4","2026-08-01T11:23:04.594000","2026-08-01T11:23:04.594000","service_e26771ba-23cc-4ede-86d3-c06393e82682","service+e26771ba-23cc-4ede-86d3-c06393e82682@no-reply.base44.com","false"
"6a6d45ccb443e71bc768d148","true","κυριακος νομικος","6a6dd70b4aca16c74d5132fa","2026-08-01T11:22:51.772000","2026-08-01T12:51:10.360000","service_e26771ba-23cc-4ede-86d3-c06393e82682","service+e26771ba-23cc-4ede-86d3-c06393e82682@no-reply.base44.com","false"
"6a6d45cd45eb7147804f37b8","false","λευτερης κπε-π21","6a6dd6e5929d92ef8fa312af","2026-08-01T11:22:13.625000","2026-08-01T11:22:17.435000","service_e26771ba-23cc-4ede-86d3-c06393e82682","service+e26771ba-23cc-4ede-86d3-c06393e82682@no-reply.base44.com","false"
"6a6d462647a62ec457fe69ee","true","λευτερης κπε-π21","6a6dd6d497ddc835004849c6","2026-08-01T11:21:56.884000","2026-08-01T12:42:22.926000","service_e26771ba-23cc-4ede-86d3-c06393e82682","service+e26771ba-23cc-4ede-86d3-c06393e82682@no-reply.base44.com","false"
"6a6d4625dcb3e392caadad39","true","κωνσταντινος καρσερας","6a6dd535f174d956600c3752","2026-08-01T11:15:01.671000","2026-08-01T11:15:01.671000","service_e26771ba-23cc-4ede-86d3-c06393e82682","service+e26771ba-23cc-4ede-86d3-c06393e82682@no-reply.base44.com","false"
"6a6d463dea360b8f074304b8","true","φωτης χατζησαββα","6a6dd2dfc63c78d8f7b05ad6","2026-08-01T11:05:03.409000","2026-08-01T11:05:03.409000","service_e26771ba-23cc-4ede-86d3-c06393e82682","service+e26771ba-23cc-4ede-86d3-c06393e82682@no-reply.base44.com","false"
"6a6d463a34f8c42f0b603a4b","true","κυριακος νομικος","6a6dcfa44325a014e128051d","2026-08-01T10:51:16.526000","2026-08-01T10:51:16.526000","service_e26771ba-23cc-4ede-86d3-c06393e82682","service+e26771ba-23cc-4ede-86d3-c06393e82682@no-reply.base44.com","false"
"6a6d463a34f8c42f0b603a63","true","πετρος χριστοδουλου","6a6dccaaa50d662abd2901d0","2026-08-01T10:38:34.197000","2026-08-01T10:38:34.197000","service_e26771ba-23cc-4ede-86d3-c06393e82682","service+e26771ba-23cc-4ede-86d3-c06393e82682@no-reply.base44.com","false"
"6a6d4625dcb3e392caadad3b","false","κωνσταντινος καρσερας","6a6dcaab1fe09bab2452bf0f","2026-08-01T10:30:03.296000","2026-08-01T12:07:37.761000","service_e26771ba-23cc-4ede-86d3-c06393e82682","service+e26771ba-23cc-4ede-86d3-c06393e82682@no-reply.base44.com","false"
"6a6d4625dcb3e392caadad42","false","κωνσταντινος καρσερας","6a6dcaa7c36266680e99aa72","2026-08-01T10:29:59.806000","2026-08-01T12:07:36.039000","service_e26771ba-23cc-4ede-86d3-c06393e82682","service+e26771ba-23cc-4ede-86d3-c06393e82682@no-reply.base44.com","false"
"6a6d4610a570dffba210fff0","false","αντρεα βλαχου","6a6dc837200d8fde7b53fef8","2026-08-01T10:19:35.996000","2026-08-01T10:19:36.878000","service_e26771ba-23cc-4ede-86d3-c06393e82682","service+e26771ba-23cc-4ede-86d3-c06393e82682@no-reply.base44.com","false"
"6a6d45cbeee5023baba03174","true","αντρεα βλαχου","6a6dc8229a2144bf18277940","2026-08-01T10:19:14.889000","2026-08-01T10:19:14.889000","service_e26771ba-23cc-4ede-86d3-c06393e82682","service+e26771ba-23cc-4ede-86d3-c06393e82682@no-reply.base44.com","false"
"6a6d45cb4b510d9ee50ceb8c","true","αντρεα βλαχου","6a6dc70153e44dd1ba7f9e57","2026-08-01T10:14:25.926000","2026-08-01T10:14:25.926000","service_e26771ba-23cc-4ede-86d3-c06393e82682","service+e26771ba-23cc-4ede-86d3-c06393e82682@no-reply.base44.com","false"
"6a6d45cb4b510d9ee50ceb8b","true","αντρεα βλαχου","6a6dc7015a54464fbce60d7b","2026-08-01T10:14:25.759000","2026-08-01T10:14:25.759000","service_e26771ba-23cc-4ede-86d3-c06393e82682","service+e26771ba-23cc-4ede-86d3-c06393e82682@no-reply.base44.com","false"
"6a6d4628392f290e6c20c0a4","true","κυριακος νομικος","6a6dc1a99e9b8419233f4e27","2026-08-01T09:51:37.573000","2026-08-01T09:51:37.573000","service_e26771ba-23cc-4ede-86d3-c06393e82682","service+e26771ba-23cc-4ede-86d3-c06393e82682@no-reply.base44.com","false"
"6a6d45cee00325afa67759c9","false","ηλιας επα-δ21","6a6dc19b2552e06d3879ebfe","2026-08-01T09:51:23.620000","2026-08-01T09:51:38.696000","service_e26771ba-23cc-4ede-86d3-c06393e82682","service+e26771ba-23cc-4ede-86d3-c06393e82682@no-reply.base44.com","false"
"6a6d45cee00325afa67759ac","true","κυριακος νομικος","6a6dbca773281535d4678918","2026-08-01T09:30:15.700000","2026-08-01T09:30:23.202000","service_e26771ba-23cc-4ede-86d3-c06393e82682","service+e26771ba-23cc-4ede-86d3-c06393e82682@no-reply.base44.com","false"
"6a6d45cee00325afa67759a1","true","κωνσταντινος καρσερας","6a6dbbe16ad7ad6c789f4688","2026-08-01T09:26:57.112000","2026-08-01T10:30:05.615000","service_e26771ba-23cc-4ede-86d3-c06393e82682","service+e26771ba-23cc-4ede-86d3-c06393e82682@no-reply.base44.com","false"
"6a6d4627435a03252075e23e","true","νεοφυτα παυλιδου","6a6dbbdd1d13417101f16d63","2026-08-01T09:26:53.177000","2026-08-01T09:26:53.177000","service_e26771ba-23cc-4ede-86d3-c06393e82682","service+e26771ba-23cc-4ede-86d3-c06393e82682@no-reply.base44.com","false"
"6a6d4628392f290e6c20c083","true","κυριακος νομικος","6a6db90354eb8330170b85f4","2026-08-01T09:14:43.682000","2026-08-01T09:14:43.682000","service_e26771ba-23cc-4ede-86d3-c06393e82682","service+e26771ba-23cc-4ede-86d3-c06393e82682@no-reply.base44.com","false"
"6a6d4628392f290e6c20c082","true","κυριακος νομικος","6a6db9001c03cb652c0e9a32","2026-08-01T09:14:40.867000","2026-08-01T09:14:40.867000","service_e26771ba-23cc-4ede-86d3-c06393e82682","service+e26771ba-23cc-4ede-86d3-c06393e82682@no-reply.base44.com","false"
"6a6d4628392f290e6c20c080","true","κυριακος νομικος","6a6db8ff9404b7fce13b7408","2026-08-01T09:14:39.455000","2026-08-01T09:14:39.455000","service_e26771ba-23cc-4ede-86d3-c06393e82682","service+e26771ba-23cc-4ede-86d3-c06393e82682@no-reply.base44.com","false"
"6a6d4628392f290e6c20c0a7","true","κυριακος νομικος","6a6db8fb33d1df51dfc28b81","2026-08-01T09:14:35.539000","2026-08-01T09:14:35.539000","service_e26771ba-23cc-4ede-86d3-c06393e82682","service+e26771ba-23cc-4ede-86d3-c06393e82682@no-reply.base44.com","false"
"6a6d4628392f290e6c20c089","true","κυριακος νομικος","6a6db8f0c1f0e3a2ca051c90","2026-08-01T09:14:24.135000","2026-08-01T09:14:24.135000","service_e26771ba-23cc-4ede-86d3-c06393e82682","service+e26771ba-23cc-4ede-86d3-c06393e82682@no-reply.base44.com","false"
"6a6d463a34f8c42f0b603a45","true","κυριακος νομικος","6a6db8ee11bf37a2d2c95bbf","2026-08-01T09:14:22.032000","2026-08-01T09:14:22.032000","service_e26771ba-23cc-4ede-86d3-c06393e82682","service+e26771ba-23cc-4ede-86d3-c06393e82682@no-reply.base44.com","false"
"6a6d463a34f8c42f0b603a49","true","κυριακος νομικος","6a6db8ea147182b153f1a0d1","2026-08-01T09:14:18.891000","2026-08-01T09:14:18.891000","service_e26771ba-23cc-4ede-86d3-c06393e82682","service+e26771ba-23cc-4ede-86d3-c06393e82682@no-reply.base44.com","false"
"6a6d463a34f8c42f0b603a47","true","κυριακος νομικος","6a6db8e8fafdd3bfbfa40fc0","2026-08-01T09:14:16.827000","2026-08-01T09:14:16.827000","service_e26771ba-23cc-4ede-86d3-c06393e82682","service+e26771ba-23cc-4ede-86d3-c06393e82682@no-reply.base44.com","false"
"6a6d463a34f8c42f0b603a46","true","κυριακος νομικος","6a6db8e83a20b63ebe5c9397","2026-08-01T09:14:16.281000","2026-08-01T09:14:16.281000","service_e26771ba-23cc-4ede-86d3-c06393e82682","service+e26771ba-23cc-4ede-86d3-c06393e82682@no-reply.base44.com","false"
"6a6d45cd45eb7147804f37b4","true","μαρκος πισιαρας","6a6db86d696798c4b54d95d7","2026-08-01T09:12:13.177000","2026-08-01T09:12:13.177000","service_e26771ba-23cc-4ede-86d3-c06393e82682","service+e26771ba-23cc-4ede-86d3-c06393e82682@no-reply.base44.com","false"
"6a6d462647a62ec457fe6a17","false","μαρκος πισιαρας","6a6db85f1f02fe9b8057c6e7","2026-08-01T09:11:59.936000","2026-08-01T09:12:00.201000","service_e26771ba-23cc-4ede-86d3-c06393e82682","service+e26771ba-23cc-4ede-86d3-c06393e82682@no-reply.base44.com","false"
"6a6d462647a62ec457fe6a12","true","μαρκος πισιαρας","6a6db85ca20d6b78830cf511","2026-08-01T09:11:56.102000","2026-08-01T09:11:56.102000","service_e26771ba-23cc-4ede-86d3-c06393e82682","service+e26771ba-23cc-4ede-86d3-c06393e82682@no-reply.base44.com","false"
"6a6d45ccb443e71bc768d147","true","κωνσταντινος καρσερας","6a6dac26926bd0bab61330bf","2026-08-01T08:19:50.996000","2026-08-01T08:19:50.996000","service_e26771ba-23cc-4ede-86d3-c06393e82682","service+e26771ba-23cc-4ede-86d3-c06393e82682@no-reply.base44.com","false"
"6a6d4625dcb3e392caadad3d","true","κωνσταντινος καρσερας","6a6dac2127ac3e0a88e40fc8","2026-08-01T08:19:45.243000","2026-08-01T08:19:45.243000","service_e26771ba-23cc-4ede-86d3-c06393e82682","service+e26771ba-23cc-4ede-86d3-c06393e82682@no-reply.base44.com","false"
"6a6d4625dcb3e392caadad43","true","κωνσταντινος καρσερας","6a6dac1fc24df897ee8be343","2026-08-01T08:19:43.981000","2026-08-01T10:29:59.324000","service_e26771ba-23cc-4ede-86d3-c06393e82682","service+e26771ba-23cc-4ede-86d3-c06393e82682@no-reply.base44.com","false"
"6a6d45e37cb9218719be6f24","true","κωνσταντινος καρσερας","6a6dac1c5858a6d6290d8e81","2026-08-01T08:19:40.398000","2026-08-01T08:19:40.398000","service_e26771ba-23cc-4ede-86d3-c06393e82682","service+e26771ba-23cc-4ede-86d3-c06393e82682@no-reply.base44.com","false"
"6a6d4627435a03252075e233","true","ναταλια","6a6da473db36c69cf3728f4e","2026-08-01T07:46:59.290000","2026-08-01T07:46:59.290000","service_e26771ba-23cc-4ede-86d3-c06393e82682","service+e26771ba-23cc-4ede-86d3-c06393e82682@no-reply.base44.com","false"
"6a6d45cee00325afa67759a9","true","κυριακος νομικος","6a6da095ceb6f96d78a0f3d5","2026-08-01T07:30:29.202000","2026-08-01T07:30:29.202000","service_e26771ba-23cc-4ede-86d3-c06393e82682","service+e26771ba-23cc-4ede-86d3-c06393e82682@no-reply.base44.com","false"
"6a6d45cee00325afa67759ae","true","φωτης χατζησαββα","6a6da05fddb70099ef97a392","2026-08-01T07:29:35.178000","2026-08-01T07:29:35.178000","service_e26771ba-23cc-4ede-86d3-c06393e82682","service+e26771ba-23cc-4ede-86d3-c06393e82682@no-reply.base44.com","false"
"6a6d463c14874b8647c2c623","true","φωτης χατζησαββα","6a6da04c359a65139e941c78","2026-08-01T07:29:16.107000","2026-08-01T07:29:16.107000","service_e26771ba-23cc-4ede-86d3-c06393e82682","service+e26771ba-23cc-4ede-86d3-c06393e82682@no-reply.base44.com","false"
"6a6d45ce00968f9eea3ac454","true","αντωνης λοχ22","6a6da035d026a8f045be9ca9","2026-08-01T07:28:53.513000","2026-08-01T07:28:53.513000","service_e26771ba-23cc-4ede-86d3-c06393e82682","service+e26771ba-23cc-4ede-86d3-c06393e82682@no-reply.base44.com","false"
"6a6d463dea360b8f074304b4","true","φωτης χατζησαββα","6a6da0354af33728db0b40f6","2026-08-01T07:28:53.040000","2026-08-01T07:28:53.040000","service_e26771ba-23cc-4ede-86d3-c06393e82682","service+e26771ba-23cc-4ede-86d3-c06393e82682@no-reply.base44.com","false"
"6a6d45cee00325afa67759ae","true","κυριακος νομικος","6a6d9f964bb3deb73b8eef8c","2026-08-01T07:26:14.917000","2026-08-01T07:26:14.917000","service_e26771ba-23cc-4ede-86d3-c06393e82682","service+e26771ba-23cc-4ede-86d3-c06393e82682@no-reply.base44.com","false"
"6a6d463a34f8c42f0b603a70","true","πουλλαιδης","6a6d9e8501ce8a40556b7d24","2026-08-01T07:21:41.625000","2026-08-01T07:21:41.625000","service_e26771ba-23cc-4ede-86d3-c06393e82682","service+e26771ba-23cc-4ede-86d3-c06393e82682@no-reply.base44.com","false"
"6a6d45ce00968f9eea3ac45c","false","αντωνης λοχ22","6a6d9ce6b03c566781cfb278","2026-08-01T07:14:46.502000","2026-08-01T07:14:47.944000","service_e26771ba-23cc-4ede-86d3-c06393e82682","service+e26771ba-23cc-4ede-86d3-c06393e82682@no-reply.base44.com","false"
"6a6d45ce00968f9eea3ac45a","true","αντωνης λοχ22","6a6d9ce35ab7492f90b70c04","2026-08-01T07:14:43.667000","2026-08-01T07:14:43.667000","service_e26771ba-23cc-4ede-86d3-c06393e82682","service+e26771ba-23cc-4ede-86d3-c06393e82682@no-reply.base44.com","false"
"6a6d4610a570dffba210ffd8","true","αβραμης κοντου","6a6d9c1cecff34d71890e5d9","2026-08-01T07:11:24.542000","2026-08-01T07:12:20.992000","service_e26771ba-23cc-4ede-86d3-c06393e82682","service+e26771ba-23cc-4ede-86d3-c06393e82682@no-reply.base44.com","false"
"6a6d4628392f290e6c20c0a2","true","κυριακος νομικος","6a6d98b0a21fef597bec6e65","2026-08-01T06:56:48.453000","2026-08-01T06:56:48.453000","service_e26771ba-23cc-4ede-86d3-c06393e82682","service+e26771ba-23cc-4ede-86d3-c06393e82682@no-reply.base44.com","false"
"6a6d4628392f290e6c20c0a1","true","κυριακος νομικος","6a6d98ad130c4e68ab331396","2026-08-01T06:56:45.825000","2026-08-01T06:56:45.825000","service_e26771ba-23cc-4ede-86d3-c06393e82682","service+e26771ba-23cc-4ede-86d3-c06393e82682@no-reply.base44.com","false"
"6a6d463dea360b8f074304c5","true","μιχαλης χαλλουμης","6a6d95b4b59ae52661925117","2026-08-01T06:44:04.308000","2026-08-01T06:44:04.308000","service_e26771ba-23cc-4ede-86d3-c06393e82682","service+e26771ba-23cc-4ede-86d3-c06393e82682@no-reply.base44.com","false"
"6a6d463a34f8c42f0b603a6f","true","πουλλαιδης","6a6d93c15620bb8bede5fcc0","2026-08-01T06:35:45.299000","2026-08-01T06:35:45.299000","service_e26771ba-23cc-4ede-86d3-c06393e82682","service+e26771ba-23cc-4ede-86d3-c06393e82682@no-reply.base44.com","false"
"6a6d463c14874b8647c2c628","true","φωτης χατζησαββα","6a6d92a567bac9ce3925d212","2026-08-01T06:31:01.320000","2026-08-01T06:31:01.320000","service_e26771ba-23cc-4ede-86d3-c06393e82682","service+e26771ba-23cc-4ede-86d3-c06393e82682@no-reply.base44.com","false"
"6a6d463c14874b8647c2c627","true","φωτης χατζησαββα","6a6d92a47edd220f2048e132","2026-08-01T06:31:00.641000","2026-08-01T06:31:00.642000","service_e26771ba-23cc-4ede-86d3-c06393e82682","service+e26771ba-23cc-4ede-86d3-c06393e82682@no-reply.base44.com","false"
"6a6d4628392f290e6c20c087","true","κυριακος νομικος","6a6d8d8619ea438b83b0433e","2026-08-01T06:09:10.359000","2026-08-01T06:09:10.359000","service_e26771ba-23cc-4ede-86d3-c06393e82682","service+e26771ba-23cc-4ede-86d3-c06393e82682@no-reply.base44.com","false"
"6a6d463dea360b8f074304be","true","φωτης χατζησαββα","6a6d8d4f3d245f6aed8403bb","2026-08-01T06:08:15.318000","2026-08-01T06:08:15.318000","service_e26771ba-23cc-4ede-86d3-c06393e82682","service+e26771ba-23cc-4ede-86d3-c06393e82682@no-reply.base44.com","false"
"6a6d45cd1b095cfff2d1dc86","true","εβελυν","6a6d88f8fcf5c04286593e49","2026-08-01T05:49:44.842000","2026-08-01T05:49:47.117000","service_e26771ba-23cc-4ede-86d3-c06393e82682","service+e26771ba-23cc-4ede-86d3-c06393e82682@no-reply.base44.com","false"
"6a6d4610a570dffba210fff6","true","αντρεα βλαχου","6a6d8722c8053559e160e6ea","2026-08-01T05:41:54.270000","2026-08-01T05:41:54.270000","service_e26771ba-23cc-4ede-86d3-c06393e82682","service+e26771ba-23cc-4ede-86d3-c06393e82682@no-reply.base44.com","false"
"69c8244e9f565431f79e2a19","false","χριστος επλ23","69ce8e34625e3257f3d96d36","2026-04-02T15:41:40.365000","2026-04-02T15:41:40.365000","service_e26771ba-23cc-4ede-86d3-c06393e82682","service+e26771ba-23cc-4ede-86d3-c06393e82682@no-reply.base44.com","false"
"69c8244e9f565431f79e2a19","true","χριστος επλ23","69ce8e34ad22e36de30411c9","2026-04-02T15:41:40.249000","2026-04-02T15:41:40.249000","service_e26771ba-23cc-4ede-86d3-c06393e82682","service+e26771ba-23cc-4ede-86d3-c06393e82682@no-reply.base44.com","false"
"69c824349b0798d34b02ae42","false","ΦΑΝΟΥΡΙΟΣ ΔΕΔ22","69cc300dc2b61c9de03c502c","2026-03-31T20:35:25.948000","2026-03-31T20:35:29.557000","697fc1b4d8c3e8fadab0d36d","mkoutoumbas@gmail.com","false"
"69c824445bc46a9457d7cd27","false","ΦΑΝΟΥΡΙΟΣ ΔΕΔ22","69cc2481277e40250cc853ac","2026-03-31T19:46:09.618000","2026-03-31T19:46:11.709000","697fc1b4d8c3e8fadab0d36d","mkoutoumbas@gmail.com","false"
"69c824445bc46a9457d7cdab","false","ΦΑΝΟΥΡΙΟΣ ΔΕΔ22","69cc248002958f2a3c5f0808","2026-03-31T19:46:08.856000","2026-03-31T19:46:21.821000","697fc1b4d8c3e8fadab0d36d","mkoutoumbas@gmail.com","false"
"69bb760966a9ce86aa35d6da","true","ΕΥΘΥΜΙΟΣ ΗΜΥ23","69bc271ea88767bdb11b9530","2026-03-19T16:41:02.296000","2026-03-19T16:41:02.296000","anonymous","anonymous","false"
"69bb75fe95f68f85c0316d45","true","ΕΥΘΥΜΙΟΣ ΗΜΥ23","69bc26cf09982e860bfc02f4","2026-03-19T16:39:43.139000","2026-03-19T16:39:43.139000","anonymous","anonymous","false"
"69bb75fb93eaa21adefbd674","true","ΜΙΧΑΛΗΣ ΕΠΛ19","69bbe0c4587d37df67d26b92","2026-03-19T11:40:52.605000","2026-03-19T11:40:52.605000","anonymous","anonymous","false"
"69bb76011182070aa8a648a1","true","ΜΙΧΑΛΗΣ ΕΠΛ19","69bbe0c21e70f31864ab7ed8","2026-03-19T11:40:50.840000","2026-03-19T11:40:50.840000","anonymous","anonymous","false"
"69bb7607e1df1d724afeca78","true","ΑΝΤΡΕΑΣ ΗΜΥ21","69bbb2f2638a305d538dbee7","2026-03-19T08:25:22.055000","2026-03-19T08:25:22.055000","anonymous","anonymous","false"
"69bb75f8558b7f47f1db6f0f","true","ΑΝΤΡΕΑΣ ΗΜΥ21","69bbb14ae7e49820874a8f2e","2026-03-19T08:18:18.548000","2026-03-19T08:18:18.548000","anonymous","anonymous","false"
"69bb75f5c259e5c0e6004121","true","ΑΝΤΡΕΑΣ ΗΜΥ21","69bbb141c7937ed885debf0a","2026-03-19T08:18:09.020000","2026-03-19T08:18:09.020000","anonymous","anonymous","false"
"69bb75f8558b7f47f1db6f02","false","ΑΝΤΡΕΑΣ ΗΜΥ21","69bbae534c14ec1f16bf6e0f","2026-03-19T08:05:39.227000","2026-03-19T08:05:41.288000","anonymous","anonymous","false"
"69b89ec485b46044a8277659","true","ΧΡΗΣΤΟΣ ΕΠΛ23","69b99d3314106ba71f5c081a","2026-03-17T18:28:03.383000","2026-03-17T18:28:04.714000","anonymous","anonymous","false"
"69b89ed086c329e76e23b8b9","false","ΧΡΗΣΤΟΣ ΕΠΛ23","69b97bfdf51c96d944aca2f8","2026-03-17T16:06:21.485000","2026-03-17T16:06:22.186000","anonymous","anonymous","false"
"69a9f867d8895663f4760cdb","false","ΑΝΤΩΝΗΣ ΛΟΧ22","69b154e498231f7902df86a5","2026-03-11T11:41:24.604000","2026-03-12T15:39:56.658000","anonymous","anonymous","false"
"69a9f8625f26861ecb75bce2","false","ΓΙΩΡΓΟΣ ΙΣΑ22","69af4b3973bf973a232811bc","2026-03-09T22:35:37.989000","2026-03-09T22:35:40.325000","697fc1b4d8c3e8fadab0d36d","mkoutoumbas@gmail.com","false"
"69a9f86a3a02e5c1aaa8274c","false","ΚΩΝΣΤΑΝΤΙΝΑ ΨΥΧ22","69aa91f73c719a76107b1219","2026-03-06T08:36:07.927000","2026-03-06T08:36:08.674000","anonymous","anonymous","false"
"69a9f86a3a02e5c1aaa8278d","false","ΚΩΝΣΤΑΝΤΙΝΑ ΨΥΧ22","69aa91f6803ff6a28c07b41b","2026-03-06T08:36:06.202000","2026-03-06T08:36:11.263000","anonymous","anonymous","false"
"69a8b532979f267fc7c78d36","true","ΔΗΜΗΤΡΗΣ ΛΟΧ23","69a9d85cad44bed4ae978969","2026-03-05T19:24:12.017000","2026-03-05T19:24:12.017000","anonymous","anonymous","false"
"69a8b5302794c160e6a5e368","true","ΚΑΛΛΙΟΠΗ ΝΟΜ24","69a9d5f714a0e12ce5f4b151","2026-03-05T19:13:59.443000","2026-03-05T19:14:03.862000","anonymous","anonymous","false"
"69a8b5302794c160e6a5e367","true","ΚΑΛΛΙΟΠΗ ΝΟΜ24","69a9d5f5df81728a5c28dd94","2026-03-05T19:13:57.971000","2026-03-05T19:13:57.971000","anonymous","anonymous","false"
"69a8b5302794c160e6a5e365","true","ΚΑΛΛΙΟΠΗ ΝΟΜ24","69a9d5f3cf34867401461b00","2026-03-05T19:13:55.501000","2026-03-05T19:13:55.501000","anonymous","anonymous","false"
"69a8b5302794c160e6a5e363","true","ΚΑΛΛΙΟΠΗ ΝΟΜ24","69a9d5f227db4c964dc95515","2026-03-05T19:13:54.544000","2026-03-05T19:13:54.544000","anonymous","anonymous","false"
"69a8b5302794c160e6a5e361","false","ΚΑΛΛΙΟΠΗ ΝΟΜ24","69a9d5f05dd6bb51c32c22ec","2026-03-05T19:13:52.280000","2026-03-05T19:13:53.800000","anonymous","anonymous","false"
"69a8b5302794c160e6a5e360","true","ΚΑΛΛΙΟΠΗ ΝΟΜ24","69a9d5eeb26a105a49099d25","2026-03-05T19:13:50.777000","2026-03-05T19:13:50.777000","anonymous","anonymous","false"
"69a8b5302794c160e6a5e35f","true","ΚΑΛΛΙΟΠΗ ΝΟΜ24","69a9d5ed0600dc5d81b23a89","2026-03-05T19:13:49.662000","2026-03-05T19:13:49.662000","anonymous","anonymous","false"
"69a8b5302794c160e6a5e487","true","ΚΑΛΛΙΟΠΗ ΝΟΜ24","69a9d5ed81802a6a5af12dc2","2026-03-05T19:13:49.153000","2026-03-05T19:13:49.153000","anonymous","anonymous","false"
"69a8b532979f267fc7c78ce9","true","ΚΑΛΛΙΟΠΗ ΝΟΜ24","69a9d5eb79455530bc7c16ec","2026-03-05T19:13:47.761000","2026-03-05T19:13:47.761000","anonymous","anonymous","false"
"69a8b532979f267fc7c78ce8","true","ΚΑΛΛΙΟΠΗ ΝΟΜ24","69a9d5ebffa5541a0fd5e5ab","2026-03-05T19:13:47.366000","2026-03-05T19:13:47.366000","anonymous","anonymous","false"
"69a8b532979f267fc7c78ce6","true","ΚΑΛΛΙΟΠΗ ΝΟΜ24","69a9d5e99ebaeab929f5e82f","2026-03-05T19:13:45.403000","2026-03-05T19:13:45.403000","anonymous","anonymous","false"
"69a8b532979f267fc7c78ce5","true","ΚΑΛΛΙΟΠΗ ΝΟΜ24","69a9d5e8fb7fab7fe109ec27","2026-03-05T19:13:44.415000","2026-03-05T19:13:44.415000","anonymous","anonymous","false"
"69a8b532979f267fc7c78ce4","true","ΚΑΛΛΙΟΠΗ ΝΟΜ24","69a9d5e72074d403869d858c","2026-03-05T19:13:43.877000","2026-03-05T19:13:43.877000","anonymous","anonymous","false"
"69a8b532979f267fc7c78d6c","true","ΚΑΛΛΙΟΠΗ ΝΟΜ24","69a9d5e5a247602dbdb99492","2026-03-05T19:13:41.929000","2026-03-05T19:13:41.929000","anonymous","anonymous","false"
"69a8b532979f267fc7c78d6a","true","ΚΑΛΛΙΟΠΗ ΝΟΜ24","69a9d5e5d2ba1793d460570b","2026-03-05T19:13:41.375000","2026-03-05T19:13:41.375000","anonymous","anonymous","false"
"69a8b532979f267fc7c78d69","true","ΚΑΛΛΙΟΠΗ ΝΟΜ24","69a9d5e4e4f92dc1de29f14b","2026-03-05T19:13:40.182000","2026-03-05T19:13:40.182000","anonymous","anonymous","false"
"69a8b532979f267fc7c78d68","true","ΚΑΛΛΙΟΠΗ ΝΟΜ24","69a9d5e2d221911033241adb","2026-03-05T19:13:38.480000","2026-03-05T19:13:38.480000","anonymous","anonymous","false"
"69a8b532979f267fc7c78d66","true","ΚΑΛΛΙΟΠΗ ΝΟΜ24","69a9d5e005264fb8e6fc663b","2026-03-05T19:13:36.729000","2026-03-05T19:13:36.729000","anonymous","anonymous","false"
"69a8b532979f267fc7c78d64","true","ΚΑΛΛΙΟΠΗ ΝΟΜ24","69a9d5de853223c000ce0324","2026-03-05T19:13:34.910000","2026-03-05T19:13:34.910000","anonymous","anonymous","false"
"69a8b532979f267fc7c78d4b","true","ΚΑΛΛΙΟΠΗ ΝΟΜ24","69a9d5dea3460adbc566785f","2026-03-05T19:13:34.299000","2026-03-05T19:13:34.299000","anonymous","anonymous","false"
"69a8b532979f267fc7c78d26","true","ΚΑΛΛΙΟΠΗ ΝΟΜ24","69a9d5db88e8d7e19dcd6a27","2026-03-05T19:13:31.231000","2026-03-05T19:13:33.599000","anonymous","anonymous","false"
"69a8b532979f267fc7c78db9","true","ΚΑΛΛΙΟΠΗ ΝΟΜ24","69a9d5d6bb55e0660d83ad2f","2026-03-05T19:13:26.660000","2026-03-05T19:13:26.660000","anonymous","anonymous","false"
"69a8b532979f267fc7c78df6","true","ΚΑΛΛΙΟΠΗ ΝΟΜ24","69a9d5d49bbd5af4b8902799","2026-03-05T19:13:24.824000","2026-03-05T19:13:24.824000","anonymous","anonymous","false"
"69a8b532979f267fc7c78de5","true","ΚΑΛΛΙΟΠΗ ΝΟΜ24","69a9d5d45dd6bb51c32c22db","2026-03-05T19:13:24.345000","2026-03-05T19:13:24.345000","anonymous","anonymous","false"
"69a8b532979f267fc7c78de0","true","ΚΑΛΛΙΟΠΗ ΝΟΜ24","69a9d5d3fff200a1ca8b3146","2026-03-05T19:13:23.192000","2026-03-05T19:13:23.192000","anonymous","anonymous","false"
"69a8b532979f267fc7c78dd3","true","ΚΑΛΛΙΟΠΗ ΝΟΜ24","69a9d5d281802a6a5af12db5","2026-03-05T19:13:22.429000","2026-03-05T19:13:22.429000","anonymous","anonymous","false"
"69a8b5302794c160e6a5e2bd","true","ΔΑΝΑΗ ΒΙΟ24","69a9bbbd98a14718d8928146","2026-03-05T17:22:05.075000","2026-03-05T17:22:05.075000","anonymous","anonymous","false"
"69a8b5302794c160e6a5e2b2","true","ΔΑΝΑΗ ΒΙΟ24","69a9bbb49426e9b925574b7d","2026-03-05T17:21:56.409000","2026-03-05T17:21:56.409000","anonymous","anonymous","false"
"69a8b5302794c160e6a5e2ae","true","ΔΑΝΑΗ ΒΙΟ24","69a9bbb1e50c79c7ac2546b5","2026-03-05T17:21:53.039000","2026-03-05T17:21:53.039000","anonymous","anonymous","false"
"69a8b532979f267fc7c78df9","true","ΔΑΝΑΗ ΒΙΟ24","69a9bbae7c0519b942ff5f84","2026-03-05T17:21:50.934000","2026-03-05T17:21:50.934000","anonymous","anonymous","false"
"69a8b532979f267fc7c78d30","true","ΑΝΤΡΕΑΣ ΜΜΚ22","69a9bad530e00a3141231cb8","2026-03-05T17:18:13.282000","2026-03-05T17:18:13.282000","anonymous","anonymous","false"
"69a8b532979f267fc7c78d2f","true","ΑΝΤΡΕΑΣ ΜΜΚ22","69a9bad4c39bd97ad4d4a4ac","2026-03-05T17:18:12.823000","2026-03-05T17:18:12.823000","anonymous","anonymous","false"
"69a8b532979f267fc7c78d2e","true","ΑΝΤΡΕΑΣ ΜΜΚ22","69a9bad35bacb2e253cc6b10","2026-03-05T17:18:11.302000","2026-03-05T17:18:11.302000","anonymous","anonymous","false"
"69a8b532979f267fc7c78e29","true","ΑΝΤΡΕΑΣ ΜΜΚ22","69a9bad043ac3ce5ce75d679","2026-03-05T17:18:08.011000","2026-03-05T17:18:08.011000","anonymous","anonymous","false"
"69a8b5302794c160e6a5e434","true","ΑΝΤΡΙΑΝΑ ΛΟΧ23","69a9b27cee64ddf1285d2ee8","2026-03-05T16:42:36.450000","2026-03-05T16:42:36.450000","anonymous","anonymous","false"
"69a8b5302794c160e6a5e32c","true","ΔΗΜΗΤΡΗΣ ΛΟΧ23","69a9b1220387de021bf04df6","2026-03-05T16:36:50.006000","2026-03-05T16:36:50.006000","anonymous","anonymous","false"
"69a8b5302794c160e6a5e44a","true","ΦΑΝΟΥΡΙΟΣ ΔΕΔ22","69a9aefa851f16c69821385c","2026-03-05T16:27:38.933000","2026-03-05T16:27:38.933000","anonymous","anonymous","false"
"69a8b5302794c160e6a5e476","true","ΦΑΝΟΥΡΙΟΣ ΔΕΔ22","69a9aeb1fbe8c51fbbb1443c","2026-03-05T16:26:25.945000","2026-03-05T16:26:25.945000","anonymous","anonymous","false"
"69a8b5302794c160e6a5e477","true","ΦΑΝΟΥΡΙΟΣ ΔΕΔ22","69a9aeafceed6d054606cdf2","2026-03-05T16:26:23.811000","2026-03-05T16:26:23.811000","anonymous","anonymous","false"
"69a8b532979f267fc7c78d4a","false","ΦΑΝΟΥΡΙΟΣ ΔΕΔ22","69a9ae9f7964b4ce8515c841","2026-03-05T16:26:07.323000","2026-03-05T16:26:08.750000","anonymous","anonymous","false"
"69a8b532979f267fc7c78e2c","true","ΦΑΝΟΥΡΙΟΣ ΔΕΔ22","69a9ae972db4808fea7f0954","2026-03-05T16:25:59.714000","2026-03-05T16:25:59.714000","anonymous","anonymous","false"
"69a8b532979f267fc7c78e0a","true","ΦΑΝΟΥΡΙΟΣ ΔΕΔ22","69a9ae97e413a83581ceefc2","2026-03-05T16:25:59.250000","2026-03-05T16:25:59.250000","anonymous","anonymous","false"
"69a8b5302794c160e6a5e45d","true","ΦΑΝΟΥΡΙΟΣ ΔΕΔ22","69a9adb5958dca01c844ede0","2026-03-05T16:22:13.550000","2026-03-05T16:22:13.550000","anonymous","anonymous","false"
"69a8b5302794c160e6a5e3f5","true","ΕΥΘΥΜΙΟΣ ΗΜΥ23","69a9ad90d1adcd282684c0e7","2026-03-05T16:21:36.843000","2026-03-05T16:21:36.843000","anonymous","anonymous","false"
"69a8b5302794c160e6a5e44b","true","ΑΝΤΡΙΑΝΑ ΛΟΧ23","69a9ad15a5b5026349d274fa","2026-03-05T16:19:33.392000","2026-03-05T16:19:33.392000","anonymous","anonymous","false"
"69a8b5302794c160e6a5e438","true","ΑΝΤΡΙΑΝΑ ΛΟΧ23","69a9ad13291d7df647cb6d58","2026-03-05T16:19:31.112000","2026-03-05T16:19:31.112000","anonymous","anonymous","false"
"69a8b5302794c160e6a5e40a","true","ΑΝΤΩΝΗΣ ΛΟΧ22","69a9ace0a4bbf3a3b469d759","2026-03-05T16:18:40.425000","2026-03-05T16:18:40.426000","anonymous","anonymous","false"
"69a8b5302794c160e6a5e408","true","ΑΝΤΩΝΗΣ ΛΟΧ22","69a9acdf1f3ef2f4ee3820bb","2026-03-05T16:18:39.463000","2026-03-05T16:18:39.463000","anonymous","anonymous","false"
"69a8b5302794c160e6a5e46c","true","ΑΝΤΩΝΗΣ ΛΟΧ22","69a9acdcf3f47bba21316453","2026-03-05T16:18:36.868000","2026-03-05T16:18:36.868000","anonymous","anonymous","false"
"69a8b5302794c160e6a5e46a","true","ΑΝΤΩΝΗΣ ΛΟΧ22","69a9acdb7f1c38a1f0e52d56","2026-03-05T16:18:35.668000","2026-03-05T16:18:35.668000","anonymous","anonymous","false"
"69a8b5302794c160e6a5e481","true","ΦΑΝΟΥΡΙΟΣ ΔΕΔ22","69a9acc6076958cd5b100aee","2026-03-05T16:18:14.618000","2026-03-05T16:18:14.618000","anonymous","anonymous","false"
"69a8b532979f267fc7c78db7","true","ΦΑΝΟΥΡΙΟΣ ΔΕΔ22","69a9acb431e0cc9480cb7e22","2026-03-05T16:17:56.517000","2026-03-05T16:17:56.517000","anonymous","anonymous","false"
"69a8b532979f267fc7c78ddd","true","ΦΑΝΟΥΡΙΟΣ ΔΕΔ22","69a9aca8e54f9939e6ae170b","2026-03-05T16:17:44.587000","2026-03-05T16:17:44.587000","anonymous","anonymous","false"
"69a8b5302794c160e6a5e461","true","ΦΑΝΟΥΡΙΟΣ ΔΕΔ22","69a9ac9c958dca01c844ed32","2026-03-05T16:17:32.263000","2026-03-05T16:17:32.263000","anonymous","anonymous","false"
"69a8b5302794c160e6a5e3ef","true","ΧΡΗΣΤΟΣ ΔΕΔ24","69a9ac9207e1a1432a0af77e","2026-03-05T16:17:22.923000","2026-03-05T16:17:22.923000","anonymous","anonymous","false"
"69a8b5302794c160e6a5e3eb","true","ΧΡΗΣΤΟΣ ΔΕΔ24","69a9ac90f4ba869a538ebcfc","2026-03-05T16:17:20.972000","2026-03-05T16:17:20.972000","anonymous","anonymous","false"
"69a8b5302794c160e6a5e423","true","ΣΑΒΒΑΣ ΕΠΑ-Δ24","69a9ac0ba6eba44ad437b81e","2026-03-05T16:15:07.152000","2026-03-05T16:15:07.152000","anonymous","anonymous","false"
"69a8b5302794c160e6a5e359","true","ΣΑΒΒΑΣ ΕΠΑ-Δ24","69a9ac0305385feeb8bab349","2026-03-05T16:14:59.948000","2026-03-05T16:14:59.948000","anonymous","anonymous","false"
"69a8b5302794c160e6a5e35a","true","ΣΑΒΒΑΣ ΕΠΑ-Δ24","69a9ac03d9067166e5759ffd","2026-03-05T16:14:59.569000","2026-03-05T16:14:59.569000","anonymous","anonymous","false"
"69a8b5302794c160e6a5e45e","true","ΦΑΝΟΥΡΙΟΣ ΔΕΔ22","69a9abd9430e77400ccd82a7","2026-03-05T16:14:17.809000","2026-03-05T16:14:17.809000","anonymous","anonymous","false"
"69a8b5302794c160e6a5e3ce","true","ΕΥΘΥΜΙΟΣ ΗΜΥ23","69a9ab94856b1e9699da9b2e","2026-03-05T16:13:08.925000","2026-03-05T16:13:08.925000","anonymous","anonymous","false"
"69a8b5302794c160e6a5e451","true","ΦΑΝΟΥΡΙΟΣ ΔΕΔ22","69a9ab50eada08d39365f8b9","2026-03-05T16:12:00.134000","2026-03-05T16:12:00.134000","anonymous","anonymous","false"
"69a8b532979f267fc7c78d27","true","ΕΥΘΥΜΙΟΣ ΗΜΥ23","69a9ab1381a7f47d615350f7","2026-03-05T16:10:59.779000","2026-03-05T16:10:59.779000","anonymous","anonymous","false"
"69a8b532979f267fc7c78dc0","true","ΕΥΘΥΜΙΟΣ ΗΜΥ23","69a9ab1221c709356386a90d","2026-03-05T16:10:58.400000","2026-03-05T16:10:58.400000","anonymous","anonymous","false"
"69a8b5302794c160e6a5e495","true","ΦΑΝΟΥΡΙΟΣ ΔΕΔ22","69a9aae6680f32d86cd8cb68","2026-03-05T16:10:14.964000","2026-03-05T16:10:14.964000","anonymous","anonymous","false"
"69a8b5302794c160e6a5e308","true","ΗΛΙΑΣ ΛΟΧ24","69a9aab6bda5fcec2adaf7aa","2026-03-05T16:09:26.825000","2026-03-05T16:09:26.825000","anonymous","anonymous","false"
"69a8b5302794c160e6a5e3ec","true","ΧΡΗΣΤΟΣ ΔΕΔ24","69a9aa8f45e725e15de9196b","2026-03-05T16:08:47.030000","2026-03-05T16:08:47.030000","anonymous","anonymous","false"
"69a8b5302794c160e6a5e3cc","true","ΧΡΗΣΤΟΣ ΔΕΔ24","69a9aa8c9f75219f65cdd42d","2026-03-05T16:08:44.798000","2026-03-05T16:08:44.798000","anonymous","anonymous","false"
"69a8b5302794c160e6a5e47f","true","ΧΡΗΣΤΟΣ ΔΕΔ24","69a9aa8b06f2cebf56abbcd4","2026-03-05T16:08:43.382000","2026-03-05T16:08:43.382000","anonymous","anonymous","false"
"69a8b532979f267fc7c78dbf","true","ΧΡΗΣΤΟΣ ΔΕΔ24","69a9aa8a9fdc48679decb093","2026-03-05T16:08:42.025000","2026-03-05T16:08:42.025000","anonymous","anonymous","false"
"69a8b532979f267fc7c78d97","true","ΧΡΗΣΤΟΣ ΔΕΔ24","69a9aa8989142383957ac574","2026-03-05T16:08:41.563000","2026-03-05T16:08:41.563000","anonymous","anonymous","false"
"69a8b5302794c160e6a5e425","true","ΣΑΒΒΑΣ ΕΠΑ-Δ24","69a9aa80a0d0b6e36db59704","2026-03-05T16:08:32.212000","2026-03-05T16:08:32.212000","anonymous","anonymous","false"
"69a8b5302794c160e6a5e422","true","ΣΑΒΒΑΣ ΕΠΑ-Δ24","69a9aa7f13276f2d7a3ba551","2026-03-05T16:08:31.798000","2026-03-05T16:08:31.798000","anonymous","anonymous","false"
"69a8b5302794c160e6a5e374","true","ΧΡΗΣΤΟΣ ΔΕΔ24","69a9aa138ef56b67cb47a4e7","2026-03-05T16:06:43.332000","2026-03-05T16:06:43.332000","anonymous","anonymous","false"
"69a8b5302794c160e6a5e3f1","true","ΧΡΗΣΤΟΣ ΔΕΔ24","69a9aa11f455a3ab6f2fa690","2026-03-05T16:06:41.760000","2026-03-05T16:06:41.760000","anonymous","anonymous","false"
"69a8b5302794c160e6a5e436","true","ΑΝΤΡΙΑΝΑ ΛΟΧ23","69a9a9cb6aeb58ed79b6537a","2026-03-05T16:05:31.424000","2026-03-05T16:05:31.424000","anonymous","anonymous","false"
"69a8b5302794c160e6a5e45c","true","ΑΝΤΡΙΑΝΑ ΛΟΧ23","69a9a9c94eeb80b1df308e7a","2026-03-05T16:05:29.723000","2026-03-05T16:05:29.723000","anonymous","anonymous","false"
"69a8b532979f267fc7c78d8c","true","ΧΡΗΣΤΟΣ ΔΕΔ24","69a9a99f540a0e2d67d844dc","2026-03-05T16:04:47.190000","2026-03-05T16:04:47.190000","anonymous","anonymous","false"
"69a8b5302794c160e6a5e3f3","true","ΧΡΗΣΤΟΣ ΔΕΔ24","69a9a97fa8c8acf5d569c577","2026-03-05T16:04:15.390000","2026-03-05T16:04:15.390000","anonymous","anonymous","false"
"69a8b5302794c160e6a5e433","true","ΑΝΤΡΙΑΝΑ ΛΟΧ23","69a9a9001f79bbe6f6f9d1f2","2026-03-05T16:02:08.393000","2026-03-05T16:02:08.393000","anonymous","anonymous","false"
"69a8b5302794c160e6a5e432","true","ΑΝΤΡΙΑΝΑ ΛΟΧ23","69a9a896d1ad0d2b67bd16ab","2026-03-05T16:00:22.898000","2026-03-05T16:00:22.898000","anonymous","anonymous","false"
"69a8b5302794c160e6a5e37b","false","ΚΩΝΣΤΑΝΤΙΝΑ ΨΥΧ22","69a9a810f846fad4a8d84421","2026-03-05T15:58:08.684000","2026-03-05T15:58:09.794000","anonymous","anonymous","false"
"69a8b532979f267fc7c78d38","false","ΚΩΝΣΤΑΝΤΙΝΑ ΨΥΧ22","69a9a80aa8c8acf5d569c4b9","2026-03-05T15:58:02.875000","2026-03-05T15:58:03.692000","anonymous","anonymous","false"
"69a8b532979f267fc7c78e3b","true","ΣΑΒΒΑΣ ΕΠΑ-Δ24","69a9a80a8b1b74da892dcf12","2026-03-05T15:58:02.262000","2026-03-05T15:58:02.262000","anonymous","anonymous","false"
"69a8b532979f267fc7c78d8a","true","ΚΩΝΣΤΑΝΤΙΝΑ ΨΥΧ22","69a9a807eb38a19fa5e4cdf7","2026-03-05T15:57:59.530000","2026-03-05T15:57:59.530000","anonymous","anonymous","false"
"69a8b532979f267fc7c78d82","true","ΚΩΝΣΤΑΝΤΙΝΑ ΨΥΧ22","69a9a8063a1d7e433456462b","2026-03-05T15:57:58.877000","2026-03-05T15:57:58.877000","anonymous","anonymous","false"
"69a8b5302794c160e6a5e3d0","true","ΕΥΘΥΜΙΟΣ ΗΜΥ23","69a9a7a78fab4bb2272c3574","2026-03-05T15:56:23.794000","2026-03-05T15:56:23.794000","anonymous","anonymous","false"
"69a8b5302794c160e6a5e43d","true","ΕΥΘΥΜΙΟΣ ΗΜΥ23","69a9a76d85b66af5c655c15f","2026-03-05T15:55:25.456000","2026-03-05T15:55:25.456000","anonymous","anonymous","false"
"69a8b5302794c160e6a5e456","true","ΦΑΝΟΥΡΙΟΣ ΔΕΔ22","69a9a75ee413a83581cee6fc","2026-03-05T15:55:10.713000","2026-03-05T15:55:10.713000","anonymous","anonymous","false"
"69a8b5302794c160e6a5e3d8","true","ΕΥΘΥΜΙΟΣ ΗΜΥ23","69a9a6acb363362bd44c5963","2026-03-05T15:52:12.514000","2026-03-05T15:52:12.514000","anonymous","anonymous","false"
"69a8b5302794c160e6a5e3d4","true","ΕΥΘΥΜΙΟΣ ΗΜΥ23","69a9a6ab7332741ebb533378","2026-03-05T15:52:11.241000","2026-03-05T15:52:11.241000","anonymous","anonymous","false"
"69a8b5302794c160e6a5e43b","true","ΕΥΘΥΜΙΟΣ ΗΜΥ23","69a9a6a68c62fe04434aa612","2026-03-05T15:52:06.175000","2026-03-05T15:52:06.175000","anonymous","anonymous","false"
"69a8b5302794c160e6a5e3dc","true","ΕΥΘΥΜΙΟΣ ΗΜΥ23","69a9a6a230d8ee1e32d153b8","2026-03-05T15:52:02.524000","2026-03-05T15:52:02.524000","anonymous","anonymous","false"
"69a8b532979f267fc7c78e3a","true","ΣΑΒΒΑΣ ΕΠΑ-Δ24","69a9a663c8f201ad030c25de","2026-03-05T15:50:59.021000","2026-03-05T15:50:59.021000","anonymous","anonymous","false"
"69a8b5302794c160e6a5e3d2","true","ΕΥΘΥΜΙΟΣ ΗΜΥ23","69a9a65dec9e3650f1fdd9ed","2026-03-05T15:50:53.187000","2026-03-05T15:50:53.187000","anonymous","anonymous","false"
"69a8b5302794c160e6a5e421","true","ΣΑΒΒΑΣ ΕΠΑ-Δ24","69a9a659d8dba6641e9dd54d","2026-03-05T15:50:49.366000","2026-03-05T15:50:49.366000","anonymous","anonymous","false"
"69a8b532979f267fc7c78de2","true","ΑΝΤΩΝΗΣ ΛΟΧ22","69a9a655d0de9e7c6ad7b2b8","2026-03-05T15:50:45.649000","2026-03-05T15:50:45.649000","anonymous","anonymous","false"
"69a8b5302794c160e6a5e3da","true","ΕΥΘΥΜΙΟΣ ΗΜΥ23","69a9a6411a18a4f77971f785","2026-03-05T15:50:25.575000","2026-03-05T15:50:25.575000","anonymous","anonymous","false"
"69a8b5302794c160e6a5e2b3","true","ΔΑΝΑΗ ΒΙΟ24","69a9a6390c57a49131f25bd2","2026-03-05T15:50:17.987000","2026-03-05T15:50:17.987000","anonymous","anonymous","false"
"69a8b5302794c160e6a5e2bf","true","ΔΑΝΑΗ ΒΙΟ24","69a9a62cba4991e700a73139","2026-03-05T15:50:04.908000","2026-03-05T15:50:04.908000","anonymous","anonymous","false"
"69a8b5302794c160e6a5e2c3","true","ΔΑΝΑΗ ΒΙΟ24","69a9a629bde7e0bdaad8dae8","2026-03-05T15:50:01.621000","2026-03-05T15:50:01.621000","anonymous","anonymous","false"
"69a8b5302794c160e6a5e2c5","true","ΔΑΝΑΗ ΒΙΟ24","69a9a6274968bbaaa3987926","2026-03-05T15:49:59.994000","2026-03-05T15:49:59.994000","anonymous","anonymous","false"
"69a8b5302794c160e6a5e417","true","ΑΝΤΩΝΗΣ ΛΟΧ22","69a9a60e8a8782610b54741b","2026-03-05T15:49:34.627000","2026-03-05T15:49:34.627000","anonymous","anonymous","false"
"69a8b5302794c160e6a5e416","true","ΑΝΤΩΝΗΣ ΛΟΧ22","69a9a5c01950f2d1a1407bbb","2026-03-05T15:48:16.468000","2026-03-05T15:48:16.468000","anonymous","anonymous","false"
"69a8b5302794c160e6a5e414","true","ΑΝΤΩΝΗΣ ΛΟΧ22","69a9a5bc2ea7279315b22f2c","2026-03-05T15:48:12.589000","2026-03-05T15:48:12.589000","anonymous","anonymous","false"
"69a8b5302794c160e6a5e413","true","ΑΝΤΩΝΗΣ ΛΟΧ22","69a9a5bb97aaabb51cc8f25d","2026-03-05T15:48:11.295000","2026-03-05T15:48:11.295000","anonymous","anonymous","false"
"69a8b5302794c160e6a5e40f","true","ΑΝΤΩΝΗΣ ΛΟΧ22","69a9a5b542fc61fe6ccad8d5","2026-03-05T15:48:05.378000","2026-03-05T15:48:05.378000","anonymous","anonymous","false"
"69a8b5302794c160e6a5e40e","true","ΑΝΤΩΝΗΣ ΛΟΧ22","69a9a5b4166c242db0c63b62","2026-03-05T15:48:04.642000","2026-03-05T15:48:04.642000","anonymous","anonymous","false"
"69a8b532979f267fc7c78d51","true","ΑΝΤΩΝΗΣ ΛΟΧ22","69a9a5b04e20b2e20a8ecb4a","2026-03-05T15:48:00.061000","2026-03-05T15:48:00.061000","anonymous","anonymous","false"
"69a8b532979f267fc7c78ce0","true","ΕΥΘΥΜΙΟΣ ΗΜΥ23","69a9a5ad8d4e87100603b6b5","2026-03-05T15:47:57.681000","2026-03-05T15:47:57.681000","anonymous","anonymous","false"
"69a8b532979f267fc7c78d9e","true","ΑΝΤΩΝΗΣ ΛΟΧ22","69a9a5ab376264f5d3c4c5a5","2026-03-05T15:47:55.923000","2026-03-05T15:47:55.923000","anonymous","anonymous","false"
"69a8b532979f267fc7c78d9d","true","ΑΝΤΩΝΗΣ ΛΟΧ22","69a9a5aaae002b8be63f1f7b","2026-03-05T15:47:54.860000","2026-03-05T15:47:54.860000","anonymous","anonymous","false"
"69a8b5302794c160e6a5e40b","true","ΑΝΤΩΝΗΣ ΛΟΧ22","69a9a5a27e038ed6d13b3247","2026-03-05T15:47:46.704000","2026-03-05T15:47:46.704000","anonymous","anonymous","false"
"69a8b5302794c160e6a5e46b","true","ΑΝΤΩΝΗΣ ΛΟΧ22","69a9a59c9151901bff92433e","2026-03-05T15:47:40.087000","2026-03-05T15:47:40.087000","anonymous","anonymous","false"
"69a8b5302794c160e6a5e469","true","ΑΝΤΩΝΗΣ ΛΟΧ22","69a9a599f66026dcbb44eac9","2026-03-05T15:47:37.674000","2026-03-05T15:47:37.674000","anonymous","anonymous","false"
"69a8b532979f267fc7c78d90","true","ΦΑΝΟΥΡΙΟΣ ΔΕΔ22","69a9a578f5f853ef5cd24aa7","2026-03-05T15:47:04.763000","2026-03-05T15:47:04.763000","anonymous","anonymous","false"
"69a8b532979f267fc7c78d76","true","ΦΑΝΟΥΡΙΟΣ ΔΕΔ22","69a9a577076abaf02b412388","2026-03-05T15:47:03.528000","2026-03-05T15:47:03.528000","anonymous","anonymous","false"
"69a8b532979f267fc7c78de7","true","ΦΑΝΟΥΡΙΟΣ ΔΕΔ22","69a9a575eeb4709b65607907","2026-03-05T15:47:01.153000","2026-03-05T15:47:01.153000","anonymous","anonymous","false"
"69a8b5302794c160e6a5e3d7","true","ΕΥΘΥΜΙΟΣ ΗΜΥ23","69a9a5739c89a60a74e0cb04","2026-03-05T15:46:59.213000","2026-03-05T15:46:59.213000","anonymous","anonymous","false"
"69a8b5302794c160e6a5e3c9","true","ΕΥΘΥΜΙΟΣ ΗΜΥ23","69a9a56f02ecd847b62bcf3f","2026-03-05T15:46:55.082000","2026-03-05T15:46:55.082000","anonymous","anonymous","false"
"69a8b5302794c160e6a5e3d5","true","ΕΥΘΥΜΙΟΣ ΗΜΥ23","69a9a55ff917e55827ab9892","2026-03-05T15:46:39.128000","2026-03-05T15:46:39.128000","anonymous","anonymous","false"
"69a8b5302794c160e6a5e3cb","true","ΕΥΘΥΜΙΟΣ ΗΜΥ23","69a9a559335dc454c3ee09cc","2026-03-05T15:46:33.978000","2026-03-05T15:46:33.978000","anonymous","anonymous","false"
"69a8b5302794c160e6a5e3ca","true","ΕΥΘΥΜΙΟΣ ΗΜΥ23","69a9a5582d4f37b3b90be075","2026-03-05T15:46:32.399000","2026-03-05T15:46:32.399000","anonymous","anonymous","false"
"69a8b532979f267fc7c78d89","true","ΑΝΤΩΝΗΣ ΛΟΧ22","69a9a5484efaae85548daf0b","2026-03-05T15:46:16.997000","2026-03-05T15:46:16.997000","anonymous","anonymous","false"
"69a8b5302794c160e6a5e440","true","ΕΥΘΥΜΙΟΣ ΗΜΥ23","69a9a513580338d209199d0e","2026-03-05T15:45:23.120000","2026-03-05T15:45:23.120000","anonymous","anonymous","false"
"69a8b5302794c160e6a5e441","true","ΕΥΘΥΜΙΟΣ ΗΜΥ23","69a9a4b3c918e7b56f3e6838","2026-03-05T15:43:47.245000","2026-03-05T15:43:47.245000","anonymous","anonymous","false"
"69a8b5302794c160e6a5e445","true","ΕΥΘΥΜΙΟΣ ΗΜΥ23","69a9a4520950961d2f90aed7","2026-03-05T15:42:10.574000","2026-03-05T15:42:10.574000","anonymous","anonymous","false"
"69a8b5302794c160e6a5e446","true","ΕΥΘΥΜΙΟΣ ΗΜΥ23","69a9a44091852be2e04d8ebc","2026-03-05T15:41:52.477000","2026-03-05T15:41:52.477000","anonymous","anonymous","false"
"69a8b5302794c160e6a5e447","true","ΕΥΘΥΜΙΟΣ ΗΜΥ23","69a9a42cc5c242e5813a8cab","2026-03-05T15:41:32.125000","2026-03-05T15:41:32.125000","anonymous","anonymous","false"
"69a8b5302794c160e6a5e3e5","true","ΧΑΡΑ ΠΠΜ22","69a9a406ae5eee597e57fc09","2026-03-05T15:40:54.026000","2026-03-05T15:40:54.026000","anonymous","anonymous","false"
"69a8b5302794c160e6a5e431","true","ΑΝΤΡΙΑΝΑ ΛΟΧ23","69a9a401fc4bfdad89e7921e","2026-03-05T15:40:49.406000","2026-03-05T15:40:49.406000","anonymous","anonymous","false"
"69a8b5302794c160e6a5e448","true","ΕΥΘΥΜΙΟΣ ΗΜΥ23","69a9a3ffd1ba82ae9a56c447","2026-03-05T15:40:47.130000","2026-03-05T15:40:47.130000","anonymous","anonymous","false"
"69a8b532979f267fc7c78d9f","true","ΧΑΡΑ ΠΠΜ22","69a9a3cce7fa6274219c117b","2026-03-05T15:39:56.095000","2026-03-05T15:39:56.095000","anonymous","anonymous","false"
"69a8b5302794c160e6a5e47b","true","ΕΥΘΥΜΙΟΣ ΗΜΥ23","69a9a3a58ede35aa4dd04045","2026-03-05T15:39:17.632000","2026-03-05T15:39:17.632000","anonymous","anonymous","false"
"69a8b5302794c160e6a5e333","true","ΧΑΡΑ ΠΠΜ22","69a9a37605c820312b97b87c","2026-03-05T15:38:30.509000","2026-03-05T15:38:30.509000","anonymous","anonymous","false"
"69a8b5302794c160e6a5e334","true","ΧΑΡΑ ΠΠΜ22","69a9a374b4907bb7d1200089","2026-03-05T15:38:28.845000","2026-03-05T15:38:28.845000","anonymous","anonymous","false"
"69a8b532979f267fc7c78d57","true","ΕΥΘΥΜΙΟΣ ΗΜΥ23","69a9a362731aed40bd3f557d","2026-03-05T15:38:10.264000","2026-03-05T15:38:10.264000","anonymous","anonymous","false"
"69a8b532979f267fc7c78dc5","true","ΕΥΘΥΜΙΟΣ ΗΜΥ23","69a9a2cf8f4d1efc9fcfd283","2026-03-05T15:35:43.942000","2026-03-05T15:35:43.942000","anonymous","anonymous","false"
"69a8b5302794c160e6a5e33b","true","ΧΑΡΑ ΠΠΜ22","69a9a2bace40cda6cd1efc1f","2026-03-05T15:35:22.056000","2026-03-05T15:35:22.056000","anonymous","anonymous","false"
"69a8b5302794c160e6a5e2e0","true","ΧΑΡΑ ΠΠΜ22","69a9a2b61b11b7d294c5d901","2026-03-05T15:35:18.749000","2026-03-05T15:35:18.749000","anonymous","anonymous","false"
"69a8b532979f267fc7c78dae","true","ΣΑΒΒΑΣ ΕΠΑ-Δ24","69a9a2a0f5b916da4030bee6","2026-03-05T15:34:56.921000","2026-03-05T15:34:56.921000","anonymous","anonymous","false"
"69a8b532979f267fc7c78d4f","true","ΣΑΒΒΑΣ ΕΠΑ-Δ24","69a9a2a05f2943ceae72d691","2026-03-05T15:34:56.381000","2026-03-05T15:34:56.381000","anonymous","anonymous","false"
"69a8b532979f267fc7c78de4","true","ΣΑΒΒΑΣ ΕΠΑ-Δ24","69a9a29c7e9cfbee27ff85e7","2026-03-05T15:34:52.274000","2026-03-05T15:34:52.274000","anonymous","anonymous","false"
"69a8b5302794c160e6a5e2e9","true","ΧΑΡΑ ΠΠΜ22","69a9a27beb2119bf430efb8e","2026-03-05T15:34:19.310000","2026-03-05T15:34:19.310000","anonymous","anonymous","false"
"69a8b532979f267fc7c78dad","true","ΧΑΡΑ ΠΠΜ22","69a9a261a15b5d8257f2b4b0","2026-03-05T15:33:53.499000","2026-03-05T15:33:53.499000","anonymous","anonymous","false"
"69a8b5302794c160e6a5e303","true","ΗΛΙΑΣ ΛΟΧ24","69a9a25851595e133cf7793e","2026-03-05T15:33:44.683000","2026-03-05T15:33:44.683000","anonymous","anonymous","false"
"69a8b5302794c160e6a5e2e8","true","ΧΑΡΑ ΠΠΜ22","69a9a2425788e5e5fca57993","2026-03-05T15:33:22.525000","2026-03-05T15:33:22.525000","anonymous","anonymous","false"
"69a8b532979f267fc7c78d7a","true","ΣΑΒΒΑΣ ΕΠΑ-Δ24","69a9a221ac391bcf2616a091","2026-03-05T15:32:49.921000","2026-03-05T15:32:49.921000","anonymous","anonymous","false"
"69a8b532979f267fc7c78e02","true","ΣΑΒΒΑΣ ΕΠΑ-Δ24","69a9a21e855cf6dccbc77c6f","2026-03-05T15:32:46.716000","2026-03-05T15:32:46.716000","anonymous","anonymous","false"
"69a8b532979f267fc7c78e21","true","ΣΑΒΒΑΣ ΕΠΑ-Δ24","69a9a21d05c820312b97b7ee","2026-03-05T15:32:45.739000","2026-03-05T15:32:45.739000","anonymous","anonymous","false"
"69a8b532979f267fc7c78e1c","true","ΣΑΒΒΑΣ ΕΠΑ-Δ24","69a9a21db510221ba1f80197","2026-03-05T15:32:45.113000","2026-03-05T15:32:45.113000","anonymous","anonymous","false"
"69a8b532979f267fc7c78de1","true","ΣΑΒΒΑΣ ΕΠΑ-Δ24","69a9a218e04ac1c092c1ca3d","2026-03-05T15:32:40.225000","2026-03-05T15:32:40.225000","anonymous","anonymous","false"
"69a8b532979f267fc7c78e37","true","ΣΑΒΒΑΣ ΕΠΑ-Δ24","69a9a21451595e133cf778eb","2026-03-05T15:32:36.089000","2026-03-05T15:32:36.089000","anonymous","anonymous","false"
"69a8b5302794c160e6a5e307","true","ΗΛΙΑΣ ΛΟΧ24","69a9a1c6eb8bf669983c998d","2026-03-05T15:31:18.754000","2026-03-05T15:31:18.754000","anonymous","anonymous","false"
"69a8b532979f267fc7c78e38","true","ΣΑΒΒΑΣ ΕΠΑ-Δ24","69a9a1978f198cfbf1267e5f","2026-03-05T15:30:31.456000","2026-03-05T15:30:31.456000","anonymous","anonymous","false"
"69a8b532979f267fc7c78d8d","true","ΕΥΘΥΜΙΟΣ ΗΜΥ23","69a9a18dd598675dc273a6f2","2026-03-05T15:30:21.280000","2026-03-05T15:30:21.280000","anonymous","anonymous","false"
"69a8b5302794c160e6a5e401","true","ΕΥΘΥΜΙΟΣ ΗΜΥ23","69a9a14deb2119bf430efb61","2026-03-05T15:29:17.083000","2026-03-05T15:29:17.083000","anonymous","anonymous","false"
"69a8b532979f267fc7c78dba","true","ΑΝΤΩΝΗΣ ΛΟΧ22","69a9a12fba5ad8af0dc76891","2026-03-05T15:28:47.722000","2026-03-05T15:28:47.722000","anonymous","anonymous","false"
"69a8b5302794c160e6a5e472","true","ΕΥΘΥΜΙΟΣ ΗΜΥ23","69a9a12bb69308fea350b646","2026-03-05T15:28:43.013000","2026-03-05T15:28:43.013000","anonymous","anonymous","false"
"69a8b5302794c160e6a5e473","true","ΕΥΘΥΜΙΟΣ ΗΜΥ23","69a9a1299d8cbaebb8a75527","2026-03-05T15:28:41.143000","2026-03-05T15:28:41.143000","anonymous","anonymous","false"
"69a8b5302794c160e6a5e475","true","ΕΥΘΥΜΙΟΣ ΗΜΥ23","69a9a122ab957e30b1fbe266","2026-03-05T15:28:34.484000","2026-03-05T15:28:34.484000","anonymous","anonymous","false"
"69a8b5302794c160e6a5e3f7","true","ΕΥΘΥΜΙΟΣ ΗΜΥ23","69a9a0d574b12d0139cd7015","2026-03-05T15:27:17.564000","2026-03-05T15:27:17.564000","anonymous","anonymous","false"
"69a8b5302794c160e6a5e3f9","true","ΕΥΘΥΜΙΟΣ ΗΜΥ23","69a9a0cd87eef992a7da2bfa","2026-03-05T15:27:09.746000","2026-03-05T15:27:09.746000","anonymous","anonymous","false"
"69a8b5302794c160e6a5e3fd","true","ΕΥΘΥΜΙΟΣ ΗΜΥ23","69a9a00bee7c63615578a6f6","2026-03-05T15:23:55.028000","2026-03-05T15:23:55.028000","anonymous","anonymous","false"
"69a8b5302794c160e6a5e3fe","true","ΕΥΘΥΜΙΟΣ ΗΜΥ23","69a99f7783441fc5e32621d5","2026-03-05T15:21:27.045000","2026-03-05T15:21:27.045000","anonymous","anonymous","false"
"69a8b5302794c160e6a5e345","true","ΚΛΕΙΩ ΕΠΑ-Δ23","69a99f5f220bc23363e70e35","2026-03-05T15:21:03.107000","2026-03-05T15:21:03.107000","anonymous","anonymous","false"
"69a8b5302794c160e6a5e372","true","ΚΛΕΙΩ ΕΠΑ-Δ23","69a99f5eb81c91695424d21f","2026-03-05T15:21:02.545000","2026-03-05T15:21:02.545000","anonymous","anonymous","false"
"69a8b5302794c160e6a5e371","true","ΚΛΕΙΩ ΕΠΑ-Δ23","69a99f5a69d9cdc27cef983c","2026-03-05T15:20:58.252000","2026-03-05T15:20:58.252000","anonymous","anonymous","false"
"69a8b5302794c160e6a5e370","true","ΚΛΕΙΩ ΕΠΑ-Δ23","69a99f5800e494fc70343cda","2026-03-05T15:20:56.454000","2026-03-05T15:20:56.454000","anonymous","anonymous","false"
"69a8b5302794c160e6a5e36f","true","ΚΛΕΙΩ ΕΠΑ-Δ23","69a99f576a8d15c4b07c9c04","2026-03-05T15:20:55.046000","2026-03-05T15:20:55.046000","anonymous","anonymous","false"
"69a8b5302794c160e6a5e36e","true","ΚΛΕΙΩ ΕΠΑ-Δ23","69a99f55a85191b422c33758","2026-03-05T15:20:53.465000","2026-03-05T15:20:53.465000","anonymous","anonymous","false"
"69a8b5302794c160e6a5e36d","true","ΚΛΕΙΩ ΕΠΑ-Δ23","69a99f53d232bcd7ec3d1961","2026-03-05T15:20:51.870000","2026-03-05T15:20:51.870000","anonymous","anonymous","false"
"69a8b5302794c160e6a5e36c","true","ΚΛΕΙΩ ΕΠΑ-Δ23","69a99f538af7b59365bf6803","2026-03-05T15:20:51.311000","2026-03-05T15:20:51.311000","anonymous","anonymous","false"
"69a8b5302794c160e6a5e402","true","ΕΥΘΥΜΙΟΣ ΗΜΥ23","69a99f50b26f9c1d5ed26219","2026-03-05T15:20:48.834000","2026-03-05T15:20:48.834000","anonymous","anonymous","false"
"69a8b5302794c160e6a5e362","true","ΚΛΕΙΩ ΕΠΑ-Δ23","69a99f4c807a2b91c284b884","2026-03-05T15:20:44.482000","2026-03-05T15:20:44.482000","anonymous","anonymous","false"
"69a8b5302794c160e6a5e357","true","ΚΛΕΙΩ ΕΠΑ-Δ23","69a99f4b75a803fa7b9c5d29","2026-03-05T15:20:43.905000","2026-03-05T15:20:43.905000","anonymous","anonymous","false"
"69a8b5302794c160e6a5e42f","true","ΚΛΕΙΩ ΕΠΑ-Δ23","69a99f49f1e957f131553da2","2026-03-05T15:20:41.864000","2026-03-05T15:20:41.864000","anonymous","anonymous","false"
"69a8b5302794c160e6a5e42e","true","ΚΛΕΙΩ ΕΠΑ-Δ23","69a99f4869e3d8e1ece1ea0d","2026-03-05T15:20:40.800000","2026-03-05T15:20:40.800000","anonymous","anonymous","false"
"69a8b5302794c160e6a5e42d","true","ΚΛΕΙΩ ΕΠΑ-Δ23","69a99f45261964f45e2405be","2026-03-05T15:20:37.860000","2026-03-05T15:20:37.860000","anonymous","anonymous","false"
"69a8b5302794c160e6a5e42c","true","ΚΛΕΙΩ ΕΠΑ-Δ23","69a99f4511253d3532e83587","2026-03-05T15:20:37.116000","2026-03-05T15:20:37.116000","anonymous","anonymous","false"
"69a8b5302794c160e6a5e42b","true","ΚΛΕΙΩ ΕΠΑ-Δ23","69a99f422efd0e474b3d7e8c","2026-03-05T15:20:34.990000","2026-03-05T15:20:34.990000","anonymous","anonymous","false"
"69a8b5302794c160e6a5e42a","true","ΚΛΕΙΩ ΕΠΑ-Δ23","69a99f41f747ad6bd3caaeaa","2026-03-05T15:20:33.666000","2026-03-05T15:20:33.666000","anonymous","anonymous","false"
"69a8b5302794c160e6a5e429","true","ΚΛΕΙΩ ΕΠΑ-Δ23","69a99f41246c5d2829fba29e","2026-03-05T15:20:33.256000","2026-03-05T15:20:33.256000","anonymous","anonymous","false"
"69a8b532979f267fc7c78d02","true","ΚΛΕΙΩ ΕΠΑ-Δ23","69a99f3d301d9bf0172d34c7","2026-03-05T15:20:29.090000","2026-03-05T15:20:29.090000","anonymous","anonymous","false"
"69a8b5302794c160e6a5e404","true","ΕΥΘΥΜΙΟΣ ΗΜΥ23","69a99f3256c23e61a6c7d4af","2026-03-05T15:20:18.691000","2026-03-05T15:20:18.691000","anonymous","anonymous","false"
"69a8b532979f267fc7c78cff","true","ΚΛΕΙΩ ΕΠΑ-Δ23","69a99f32ea3724f417734669","2026-03-05T15:20:18.105000","2026-03-05T15:20:18.105000","anonymous","anonymous","false"
"69a8b532979f267fc7c78dcd","true","ΚΛΕΙΩ ΕΠΑ-Δ23","69a99f2b0229624242f55391","2026-03-05T15:20:11.450000","2026-03-05T15:20:11.450000","anonymous","anonymous","false"
"69a8b532979f267fc7c78dcb","true","ΚΛΕΙΩ ΕΠΑ-Δ23","69a99f293d576aab232a52e2","2026-03-05T15:20:09.588000","2026-03-05T15:20:09.588000","anonymous","anonymous","false"
"69a8b532979f267fc7c78d81","true","ΚΛΕΙΩ ΕΠΑ-Δ23","69a99f22dee51e82814c2f05","2026-03-05T15:20:02.210000","2026-03-05T15:20:02.210000","anonymous","anonymous","false"
"69a8b532979f267fc7c78e25","true","ΚΛΕΙΩ ΕΠΑ-Δ23","69a99f21f6637c1eabb1c2ab","2026-03-05T15:20:01.274000","2026-03-05T15:20:01.274000","anonymous","anonymous","false"
"69a8b532979f267fc7c78dfc","true","ΚΛΕΙΩ ΕΠΑ-Δ23","69a99f201ad844db64b36ac1","2026-03-05T15:20:00.179000","2026-03-05T15:20:00.179000","anonymous","anonymous","false"
"69a8b532979f267fc7c78df4","true","ΚΛΕΙΩ ΕΠΑ-Δ23","69a99f1f69d9cdc27cef981b","2026-03-05T15:19:59.786000","2026-03-05T15:19:59.786000","anonymous","anonymous","false"
"69a8b5302794c160e6a5e439","true","ΔΗΜΗΤΡΗΣ ΛΟΧ23","69a99ed6ea3724f41773464d","2026-03-05T15:18:46.471000","2026-03-05T15:18:46.471000","anonymous","anonymous","false"
"69a8b532979f267fc7c78d35","true","ΔΗΜΗΤΡΗΣ ΛΟΧ23","69a99ec54ad38a6fd715d186","2026-03-05T15:18:29.712000","2026-03-05T15:18:29.712000","anonymous","anonymous","false"
"69a8b5302794c160e6a5e32d","true","ΔΗΜΗΤΡΗΣ ΛΟΧ23","69a99ec1f4a61fad539dcc89","2026-03-05T15:18:25.279000","2026-03-05T15:18:25.279000","anonymous","anonymous","false"
"69a8b5302794c160e6a5e2fd","true","ΔΗΜΗΤΡΗΣ ΛΟΧ23","69a99ebe7e68f9ab27130db8","2026-03-05T15:18:22.242000","2026-03-05T15:18:22.242000","anonymous","anonymous","false"
"69a8b5302794c160e6a5e2fc","true","ΔΗΜΗΤΡΗΣ ΛΟΧ23","69a99ebd6b5c146009ee1dcf","2026-03-05T15:18:21.044000","2026-03-05T15:18:21.044000","anonymous","anonymous","false"
"69a8b5302794c160e6a5e2fb","true","ΔΗΜΗΤΡΗΣ ΛΟΧ23","69a99ebb1b8bdb9ade9452d7","2026-03-05T15:18:19.917000","2026-03-05T15:18:19.917000","anonymous","anonymous","false"
"69a8b5302794c160e6a5e2f8","true","ΔΗΜΗΤΡΗΣ ΛΟΧ23","69a99eb5a8d7814a7fbad9a1","2026-03-05T15:18:13.999000","2026-03-05T15:18:13.999000","anonymous","anonymous","false"
"69a8b5302794c160e6a5e2f5","true","ΔΗΜΗΤΡΗΣ ΛΟΧ23","69a99eb4378cf69129f8a37b","2026-03-05T15:18:12.647000","2026-03-05T15:18:12.647000","anonymous","anonymous","false"
"69a8b5302794c160e6a5e2f3","true","ΔΗΜΗΤΡΗΣ ΛΟΧ23","69a99e9e56c23e61a6c7d458","2026-03-05T15:17:50.349000","2026-03-05T15:17:50.349000","anonymous","anonymous","false"
"69a8b532979f267fc7c78ddb","true","ΑΝΤΩΝΗΣ ΛΟΧ22","69a99e95866f2948e56b3cde","2026-03-05T15:17:41.450000","2026-03-05T15:17:41.450000","anonymous","anonymous","false"
"69a8b532979f267fc7c78d16","true","ΚΩΝΣΤΑΝΤΙΝΟΣ ΚΠΕ-Π22","69a99e880121c9fe78ff01a3","2026-03-05T15:17:28.261000","2026-03-05T15:17:28.261000","anonymous","anonymous","false"
"69a8b5302794c160e6a5e2f1","true","ΔΗΜΗΤΡΗΣ ΛΟΧ23","69a99e563ce3229c855a75bf","2026-03-05T15:16:38.087000","2026-03-05T15:16:38.087000","anonymous","anonymous","false"
"69a8b5302794c160e6a5e2f0","true","ΔΗΜΗΤΡΗΣ ΛΟΧ23","69a99e53841ad9c896517090","2026-03-05T15:16:35.932000","2026-03-05T15:16:35.932000","anonymous","anonymous","false"
"69a8b5302794c160e6a5e2ef","true","ΔΗΜΗΤΡΗΣ ΛΟΧ23","69a99e5290c66d2c486d97c4","2026-03-05T15:16:34.858000","2026-03-05T15:16:34.858000","anonymous","anonymous","false"
"69a8b5302794c160e6a5e2ee","true","ΔΗΜΗΤΡΗΣ ΛΟΧ23","69a99e51e5574d4cea9c555a","2026-03-05T15:16:33.323000","2026-03-05T15:16:33.323000","anonymous","anonymous","false"
"69a8b5302794c160e6a5e3fc","true","ΕΥΘΥΜΙΟΣ ΗΜΥ23","69a99e1301d8215767297c9d","2026-03-05T15:15:31.809000","2026-03-05T15:15:31.809000","anonymous","anonymous","false"
"69a8b532979f267fc7c78e08","true","ΔΗΜΗΤΡΗΣ ΛΟΧ23","69a99dd444a8b2f309a223e3","2026-03-05T15:14:28.945000","2026-03-05T15:14:28.945000","anonymous","anonymous","false"
"69a8b532979f267fc7c78e01","true","ΔΗΜΗΤΡΗΣ ΛΟΧ23","69a99dd3b2c32822ddda579d","2026-03-05T15:14:27.758000","2026-03-05T15:14:27.758000","anonymous","anonymous","false"
"69a8b532979f267fc7c78dfa","true","ΔΗΜΗΤΡΗΣ ΛΟΧ23","69a99dd1a3f1146f90be65d7","2026-03-05T15:14:25.549000","2026-03-05T16:36:43.829000","anonymous","anonymous","false"
"69a8b532979f267fc7c78df5","true","ΔΗΜΗΤΡΗΣ ΛΟΧ23","69a99dcd40a65c87b2760445","2026-03-05T15:14:21.689000","2026-03-05T15:14:21.689000","anonymous","anonymous","false"
"69a8b532979f267fc7c78df1","true","ΔΗΜΗΤΡΗΣ ΛΟΧ23","69a99dcbb81c91695424d0ca","2026-03-05T15:14:19.794000","2026-03-05T15:14:19.794000","anonymous","anonymous","false"
"69a8b5302794c160e6a5e479","true","ΓΙΩΤΑ ΠΠΜ22","69a99d16a5c7e2e5fc533cee","2026-03-05T15:11:18.529000","2026-03-05T15:11:18.529000","anonymous","anonymous","false"
"69a8b5302794c160e6a5e32a","true","ΧΑΡΑ ΠΠΜ22","69a99cbc5719004ae9ebc2dc","2026-03-05T15:09:48.376000","2026-03-05T15:09:48.376000","anonymous","anonymous","false"
"69a8b5302794c160e6a5e335","true","ΧΑΡΑ ΠΠΜ22","69a99cb7d1a18cce6c2df450","2026-03-05T15:09:43.902000","2026-03-05T15:09:43.902000","anonymous","anonymous","false"
"69a8b532979f267fc7c78def","true","ΓΙΩΤΑ ΠΠΜ22","69a99c57c669f9f32f197eca","2026-03-05T15:08:07.557000","2026-03-05T15:08:07.557000","anonymous","anonymous","false"
"69a8b5302794c160e6a5e32e","true","ΓΙΩΤΑ ΠΠΜ22","69a99c3891ba6996c91f6892","2026-03-05T15:07:36.545000","2026-03-05T15:07:36.545000","anonymous","anonymous","false"
"69a8b5302794c160e6a5e33f","true","ΓΙΩΤΑ ΠΠΜ22","69a99c34bcfa52901bda5ece","2026-03-05T15:07:32.612000","2026-03-05T15:07:32.612000","anonymous","anonymous","false"
"69a8b5302794c160e6a5e341","true","ΓΙΩΤΑ ΠΠΜ22","69a99c34fcbf384281dca541","2026-03-05T15:07:32.001000","2026-03-05T15:07:32.001000","anonymous","anonymous","false"
"69a8b5302794c160e6a5e444","true","ΕΥΘΥΜΙΟΣ ΗΜΥ23","69a99c2697552dee8879ea0b","2026-03-05T15:07:18.343000","2026-03-05T15:07:18.343000","anonymous","anonymous","false"
"69a8b5302794c160e6a5e449","true","ΕΥΘΥΜΙΟΣ ΗΜΥ23","69a99c18b2519ec0b9af6be9","2026-03-05T15:07:04.436000","2026-03-05T15:07:04.436000","anonymous","anonymous","false"
"69a8b5302794c160e6a5e470","true","ΕΥΘΥΜΙΟΣ ΗΜΥ23","69a99b909935bf5c1a00f861","2026-03-05T15:04:48.244000","2026-03-05T15:04:48.244000","anonymous","anonymous","false"
"69a8b5302794c160e6a5e46f","true","ΕΥΘΥΜΙΟΣ ΗΜΥ23","69a99b8e8ccd17bbfa67b5bb","2026-03-05T15:04:46.877000","2026-03-05T15:04:46.877000","anonymous","anonymous","false"
"69a8b5302794c160e6a5e2df","true","ΧΑΡΑ ΠΠΜ22","69a99b5da5c79256400cf2b4","2026-03-05T15:03:57.066000","2026-03-05T15:03:57.066000","anonymous","anonymous","false"
"69a8b5302794c160e6a5e2e1","true","ΧΑΡΑ ΠΠΜ22","69a99b54ed9870f1e662318a","2026-03-05T15:03:48.204000","2026-03-05T15:03:48.204000","anonymous","anonymous","false"
"69a8b532979f267fc7c78da3","true","ΧΑΡΑ ΠΠΜ22","69a99b4999289c855d841f13","2026-03-05T15:03:37.345000","2026-03-05T15:03:37.345000","anonymous","anonymous","false"
"69a8b532979f267fc7c78cdf","true","ΕΥΘΥΜΙΟΣ ΗΜΥ23","69a99b40b561e07fa56ada5e","2026-03-05T15:03:28.962000","2026-03-05T15:03:28.962000","anonymous","anonymous","false"
"69a8b5302794c160e6a5e343","true","ΓΙΩΤΑ ΠΠΜ22","69a99b3b0cced2e69daa3c36","2026-03-05T15:03:23.301000","2026-03-05T15:03:23.301000","anonymous","anonymous","false"
"69a8b5302794c160e6a5e33e","true","ΓΙΩΤΑ ΠΠΜ22","69a99b362593397475ad7bbc","2026-03-05T15:03:18.782000","2026-03-05T15:03:18.782000","anonymous","anonymous","false"
"69a8b5302794c160e6a5e33d","true","ΓΙΩΤΑ ΠΠΜ22","69a99b3599dcc3c9585147e6","2026-03-05T15:03:17.935000","2026-03-05T15:03:17.935000","anonymous","anonymous","false"
"69a8b5302794c160e6a5e3e4","true","ΧΑΡΑ ΠΠΜ22","69a99b2e393629ddf3a79c5b","2026-03-05T15:03:10.528000","2026-03-05T15:03:10.528000","anonymous","anonymous","false"
"69a8b5302794c160e6a5e3e3","true","ΧΑΡΑ ΠΠΜ22","69a99b2dba0c4039a2048b59","2026-03-05T15:03:09.991000","2026-03-05T15:03:09.991000","anonymous","anonymous","false"
"69a8b532979f267fc7c78ce3","true","ΓΙΩΤΑ ΠΠΜ22","69a99b2c4127004dcdb774c7","2026-03-05T15:03:08.982000","2026-03-05T15:03:08.982000","anonymous","anonymous","false"
"69a8b532979f267fc7c78dc9","true","ΓΙΩΤΑ ΠΠΜ22","69a99b2b9a10a659358e8c5a","2026-03-05T15:03:07.151000","2026-03-05T15:03:07.151000","anonymous","anonymous","false"
"69a8b532979f267fc7c78e14","true","ΓΙΩΤΑ ΠΠΜ22","69a99b2a00d42660262d6c64","2026-03-05T15:03:06.135000","2026-03-05T15:03:06.135000","anonymous","anonymous","false"
"69a8b532979f267fc7c78dee","true","ΓΙΩΤΑ ΠΠΜ22","69a99b24366cc2cab450ee49","2026-03-05T15:03:00.939000","2026-03-05T15:03:00.939000","anonymous","anonymous","false"
"69a8b532979f267fc7c78de6","true","ΓΙΩΤΑ ΠΠΜ22","69a99b23a9e19bdbf30d03e2","2026-03-05T15:02:59.766000","2026-03-05T15:02:59.766000","anonymous","anonymous","false"
"69a8b532979f267fc7c78dc4","true","ΣΑΒΒΑΣ ΕΠΑ-Δ24","69a99b160d5fa49e09541a78","2026-03-05T15:02:46.061000","2026-03-05T15:02:46.061000","anonymous","anonymous","false"
"69a8b532979f267fc7c78da9","true","ΣΑΒΒΑΣ ΕΠΑ-Δ24","69a99b14d7b6ed928cb13711","2026-03-05T15:02:44.109000","2026-03-05T15:02:44.109000","anonymous","anonymous","false"
"69a8b532979f267fc7c78da6","true","ΣΑΒΒΑΣ ΕΠΑ-Δ24","69a99b13de49b1d068f03e31","2026-03-05T15:02:43.487000","2026-03-05T15:02:43.487000","anonymous","anonymous","false"
"69a8b5302794c160e6a5e47a","true","ΕΥΘΥΜΙΟΣ ΗΜΥ23","69a99b0bff0b8b66e80cab42","2026-03-05T15:02:35.562000","2026-03-05T15:02:35.562000","anonymous","anonymous","false"
"69a8b532979f267fc7c78cde","true","ΕΥΘΥΜΙΟΣ ΗΜΥ23","69a99b03409592179e424a43","2026-03-05T15:02:27.938000","2026-03-05T15:02:27.938000","anonymous","anonymous","false"
"69a8b532979f267fc7c78dfd","true","ΗΛΙΑΣ ΛΟΧ24","69a99b00fe52d6270e7d7461","2026-03-05T15:02:24.501000","2026-03-05T15:28:09.341000","anonymous","anonymous","false"
"69a8b532979f267fc7c78da1","true","ΕΥΘΥΜΙΟΣ ΗΜΥ23","69a99afd5fe9166583a29789","2026-03-05T15:02:21.888000","2026-03-05T15:02:21.888000","anonymous","anonymous","false"
"69a8b5302794c160e6a5e309","true","ΗΛΙΑΣ ΛΟΧ24","69a99a7fff0b8b66e80cab12","2026-03-05T15:00:15.276000","2026-03-05T15:00:15.276000","anonymous","anonymous","false"
"69a8b532979f267fc7c78d28","true","ΗΛΙΑΣ ΛΟΧ24","69a99a7495263df35469b936","2026-03-05T15:00:04.951000","2026-03-05T15:00:04.951000","anonymous","anonymous","false"
"69a8b532979f267fc7c78e12","true","ΗΛΙΑΣ ΛΟΧ24","69a99a73aded29e60dc06cdc","2026-03-05T15:00:03.399000","2026-03-05T15:00:03.399000","anonymous","anonymous","false"
"69a8b5302794c160e6a5e2e5","true","ΧΑΡΑ ΠΠΜ22","69a99a4e23cfea644537bff0","2026-03-05T14:59:26.194000","2026-03-05T14:59:26.194000","anonymous","anonymous","false"
"69a8b532979f267fc7c78e0c","true","ΕΥΘΥΜΙΟΣ ΗΜΥ23","69a999aa37832cb995998112","2026-03-05T14:56:42.544000","2026-03-05T14:56:42.544000","anonymous","anonymous","false"
"69a8b5302794c160e6a5e3d6","true","ΕΥΘΥΜΙΟΣ ΗΜΥ23","69a9999e69a031d7f82b86b3","2026-03-05T14:56:30.768000","2026-03-05T14:56:30.768000","anonymous","anonymous","false"
"69a8b5302794c160e6a5e304","true","ΗΛΙΑΣ ΛΟΧ24","69a99950ed9870f1e662303a","2026-03-05T14:55:12.556000","2026-03-05T14:55:12.556000","anonymous","anonymous","false"
"69a8b5302794c160e6a5e33c","true","ΧΑΡΑ ΠΠΜ22","69a99930249affbddeed916e","2026-03-05T14:54:40.418000","2026-03-05T14:54:40.418000","anonymous","anonymous","false"
"69a8b5302794c160e6a5e301","true","ΗΛΙΑΣ ΛΟΧ24","69a99910c675a441e9745d49","2026-03-05T14:54:08.666000","2026-03-05T14:54:08.666000","anonymous","anonymous","false"
"69a8b5302794c160e6a5e2ff","true","ΗΛΙΑΣ ΛΟΧ24","69a9990ea7da255fc8194aeb","2026-03-05T14:54:06.404000","2026-03-05T14:54:06.404000","anonymous","anonymous","false"
"69a8b5302794c160e6a5e3ee","true","ΗΛΙΑΣ ΛΟΧ24","69a9990c5c0cd7eca4386f88","2026-03-05T14:54:04.277000","2026-03-05T14:54:04.277000","anonymous","anonymous","false"
"69a8b5302794c160e6a5e47d","true","ΗΛΙΑΣ ΛΟΧ24","69a9990bcf8be683d8e7f75c","2026-03-05T14:54:03.850000","2026-03-05T14:54:03.850000","anonymous","anonymous","false"
"69a8b5302794c160e6a5e2ea","true","ΧΑΡΑ ΠΠΜ22","69a998fecf8be683d8e7f754","2026-03-05T14:53:50.422000","2026-03-05T14:53:50.422000","anonymous","anonymous","false"
"69a8b5302794c160e6a5e2e7","true","ΧΑΡΑ ΠΠΜ22","69a998fbf7050a32d66ead43","2026-03-05T14:53:47.185000","2026-03-05T14:53:47.185000","anonymous","anonymous","false"
"69a8b532979f267fc7c78d88","true","ΕΥΘΥΜΙΟΣ ΗΜΥ23","69a998d76306c098732d5feb","2026-03-05T14:53:11.751000","2026-03-05T14:53:11.751000","anonymous","anonymous","false"
"69a8b532979f267fc7c78e33","true","ΣΑΒΒΑΣ ΕΠΑ-Δ24","69a99801dc5e3c8e263a408a","2026-03-05T14:49:37.923000","2026-03-05T14:49:37.923000","anonymous","anonymous","false"
"69a8b532979f267fc7c78dce","true","ΧΑΡΑ ΠΠΜ22","69a997dcac8d1a9619cefb68","2026-03-05T14:49:00.720000","2026-03-05T14:49:00.720000","anonymous","anonymous","false"
"69a8b5302794c160e6a5e2e3","true","ΧΑΡΑ ΠΠΜ22","69a997a9fae386e7e2544473","2026-03-05T14:48:09.629000","2026-03-05T14:48:09.629000","anonymous","anonymous","false"
"69a8b5302794c160e6a5e3fb","true","ΕΥΘΥΜΙΟΣ ΗΜΥ23","69a99747ed9fcaf2e9cb65b5","2026-03-05T14:46:31.724000","2026-03-05T14:46:31.724000","anonymous","anonymous","false"
"69a8b5302794c160e6a5e3f8","true","ΕΥΘΥΜΙΟΣ ΗΜΥ23","69a997328a9d6690b5564a07","2026-03-05T14:46:10.356000","2026-03-05T14:46:10.356000","anonymous","anonymous","false"
"69a8b532979f267fc7c78dd0","true","ΧΑΡΑ ΠΠΜ22","69a995cd0e1eaf7baa887c3c","2026-03-05T14:40:13.481000","2026-03-05T14:40:13.481000","anonymous","anonymous","false"
"69a8b532979f267fc7c78dfb","true","ΕΥΘΥΜΙΟΣ ΗΜΥ23","69a994aa935ab240219ddd50","2026-03-05T14:35:22.708000","2026-03-05T14:35:22.708000","anonymous","anonymous","false"
"69a8b532979f267fc7c78e17","true","ΕΥΘΥΜΙΟΣ ΗΜΥ23","69a994a851e1d91199861e26","2026-03-05T14:35:20.683000","2026-03-05T14:35:20.683000","anonymous","anonymous","false"
"69a8b532979f267fc7c78e35","true","ΕΥΘΥΜΙΟΣ ΗΜΥ23","69a994a6a962d659a961623b","2026-03-05T14:35:18.288000","2026-03-05T14:35:18.288000","anonymous","anonymous","false"
"69a8b532979f267fc7c78e16","true","ΕΥΘΥΜΙΟΣ ΗΜΥ23","69a99465b1fc5fe159ebde3c","2026-03-05T14:34:13.679000","2026-03-05T14:34:13.679000","anonymous","anonymous","false"
"69a8b5302794c160e6a5e305","true","ΗΛΙΑΣ ΛΟΧ24","69a99461f1a05ed77630700c","2026-03-05T14:34:09.383000","2026-03-05T14:34:09.383000","anonymous","anonymous","false"
"69a8b5302794c160e6a5e302","true","ΗΛΙΑΣ ΛΟΧ24","69a9945e1d05f2791aa3e303","2026-03-05T14:34:06.766000","2026-03-05T14:34:06.766000","anonymous","anonymous","false"
"69a8b532979f267fc7c78e1f","true","ΗΛΙΑΣ ΛΟΧ24","69a99454f3dd137eb656634e","2026-03-05T14:33:56.590000","2026-03-05T14:33:56.590000","anonymous","anonymous","false"
"69a8b532979f267fc7c78e1a","true","ΗΛΙΑΣ ΛΟΧ24","69a99453a8994a06605dd2d0","2026-03-05T14:33:55.940000","2026-03-05T14:33:55.940000","anonymous","anonymous","false"
"69a8b532979f267fc7c78df2","true","ΗΛΙΑΣ ΛΟΧ24","69a994500054ccf1fc9e5383","2026-03-05T14:33:52.282000","2026-03-05T14:33:52.282000","anonymous","anonymous","false"
"69a8b532979f267fc7c78dbb","true","ΚΩΝΣΤΑΝΤΙΝΑ ΨΥΧ22","69a992994f301d7002f89f5d","2026-03-05T14:26:33.045000","2026-03-05T15:58:01.303000","anonymous","anonymous","false"
"69a8b532979f267fc7c78dbe","true","ΚΩΝΣΤΑΝΤΙΝΑ ΨΥΧ22","69a9929850243c34630c4fd0","2026-03-05T14:26:32.184000","2026-03-05T15:58:01.608000","anonymous","anonymous","false"
"69a8b532979f267fc7c78d91","true","ΚΩΝΣΤΑΝΤΙΝΑ ΨΥΧ22","69a992942e197710afde525e","2026-03-05T14:26:28.021000","2026-03-05T15:58:00.164000","anonymous","anonymous","false"
"69a8b532979f267fc7c78d78","true","ΚΩΝΣΤΑΝΤΙΝΑ ΨΥΧ22","69a9928f1b4576479a4e6991","2026-03-05T14:26:23.829000","2026-03-05T14:43:52.890000","anonymous","anonymous","false"
"69a8b532979f267fc7c78e13","true","ΚΩΝΣΤΑΝΤΙΝΑ ΨΥΧ22","69a9928e2b8e2e85c817ee5f","2026-03-05T14:26:22.890000","2026-03-05T15:57:58.047000","anonymous","anonymous","false"
"69a8b532979f267fc7c78dff","true","ΚΩΝΣΤΑΝΤΙΝΑ ΨΥΧ22","69a9928e32bf37c787cc9282","2026-03-05T14:26:22.519000","2026-03-05T15:57:57.548000","anonymous","anonymous","false"
"69a8b532979f267fc7c78df3","true","ΚΩΝΣΤΑΝΤΙΝΑ ΨΥΧ22","69a9928d44864dae6f8e9550","2026-03-05T14:26:21.612000","2026-03-05T15:57:57.548000","anonymous","anonymous","false"
"69a8b532979f267fc7c78dea","false","ΚΩΝΣΤΑΝΤΙΝΑ ΨΥΧ22","69a9928d340a03d23b28be00","2026-03-05T14:26:21.121000","2026-03-05T14:26:43.678000","anonymous","anonymous","false"
"69a8b5302794c160e6a5e3b0","true","ΚΩΝΣΤΑΝΤΙΝΟΣ ΚΠΕ-Π22","69a989a2ccdd54c49c7b3643","2026-03-05T13:48:18.711000","2026-03-05T13:48:18.711000","anonymous","anonymous","false"
"69a8b532979f267fc7c78da4","true","ΚΩΝΣΤΑΝΤΙΝΟΣ ΚΠΕ-Π22","69a9898512e8a628a6591cda","2026-03-05T13:47:49.959000","2026-03-05T13:47:49.959000","anonymous","anonymous","false"
"69a8b532979f267fc7c78e0e","true","ΑΝΤΡΕΑΣ ΜΜΚ22","69a9887a0ff25b058b9f6a69","2026-03-05T13:43:22.404000","2026-03-05T17:18:07.585000","anonymous","anonymous","false"
"69a8b5302794c160e6a5e3b1","true","ΚΩΝΣΤΑΝΤΙΝΟΣ ΚΠΕ-Π22","69a9863baf8f85481258ccb5","2026-03-05T13:33:47.721000","2026-03-05T13:33:47.721000","anonymous","anonymous","false"
"69a8b532979f267fc7c78d75","true","ΚΩΝΣΤΑΝΤΙΝΟΣ ΚΠΕ-Π22","69a98633ee56e832c65c7b49","2026-03-05T13:33:39.180000","2026-03-05T13:33:39.180000","anonymous","anonymous","false"
"69a8b5302794c160e6a5e30d","true","ΚΩΝΣΤΑΝΤΙΝΟΣ ΚΠΕ-Π22","69a9862b6f683eeefb34b419","2026-03-05T13:33:31.900000","2026-03-05T13:33:31.900000","anonymous","anonymous","false"
"69a8b5302794c160e6a5e3e1","false","ΚΩΝΣΤΑΝΤΙΝΟΣ ΚΠΕ-Π22","69a9862af4d913f92fdbd2b1","2026-03-05T13:33:30.488000","2026-03-05T13:48:48.372000","anonymous","anonymous","false"
"69a8b5302794c160e6a5e3e0","false","ΚΩΝΣΤΑΝΤΙΝΟΣ ΚΠΕ-Π22","69a9862a292ed15f48a1be7d","2026-03-05T13:33:30.268000","2026-03-05T14:06:37.861000","anonymous","anonymous","false"
"69a8b5302794c160e6a5e3de","true","ΚΩΝΣΤΑΝΤΙΝΟΣ ΚΠΕ-Π22","69a9862847a194032ac211bd","2026-03-05T13:33:28.672000","2026-03-05T13:33:28.672000","anonymous","anonymous","false"
"69a8b5302794c160e6a5e3ba","true","ΚΩΝΣΤΑΝΤΙΝΟΣ ΚΠΕ-Π22","69a98625cc90d3621a328c9e","2026-03-05T13:33:25.384000","2026-03-05T13:33:25.384000","anonymous","anonymous","false"
"69a8b5302794c160e6a5e3b9","true","ΚΩΝΣΤΑΝΤΙΝΟΣ ΚΠΕ-Π22","69a9862435dc89c9ce368850","2026-03-05T13:33:24.801000","2026-03-05T13:33:24.801000","anonymous","anonymous","false"
"69a8b5302794c160e6a5e3b8","true","ΚΩΝΣΤΑΝΤΙΝΟΣ ΚΠΕ-Π22","69a98623e726dae563b3d9b6","2026-03-05T13:33:23.963000","2026-03-05T13:33:23.963000","anonymous","anonymous","false"
"69a8b5302794c160e6a5e3b7","true","ΚΩΝΣΤΑΝΤΙΝΟΣ ΚΠΕ-Π22","69a98623910c621363c8cea5","2026-03-05T13:33:23.394000","2026-03-05T13:33:23.394000","anonymous","anonymous","false"
"69a8b5302794c160e6a5e3b6","true","ΚΩΝΣΤΑΝΤΙΝΟΣ ΚΠΕ-Π22","69a9861e0d2050cb7489a4ac","2026-03-05T13:33:18.146000","2026-03-05T13:33:18.146000","anonymous","anonymous","false"
"69a8b532979f267fc7c78d58","true","ΚΩΝΣΤΑΝΤΙΝΟΣ ΚΠΕ-Π22","69a9861819c0f3533021e189","2026-03-05T13:33:12.042000","2026-03-05T13:33:12.042000","anonymous","anonymous","false"
"69a8b532979f267fc7c78d1b","true","ΚΩΝΣΤΑΝΤΙΝΟΣ ΚΠΕ-Π22","69a9861414f91c58a1ae1c67","2026-03-05T13:33:08.809000","2026-03-05T13:33:08.809000","anonymous","anonymous","false"
"69a8b532979f267fc7c78d19","true","ΚΩΝΣΤΑΝΤΙΝΟΣ ΚΠΕ-Π22","69a986121c77914be2a5e4a6","2026-03-05T13:33:06.890000","2026-03-05T13:33:06.890000","anonymous","anonymous","false"
"69a8b532979f267fc7c78d18","true","ΚΩΝΣΤΑΝΤΙΝΟΣ ΚΠΕ-Π22","69a986111684b97f87af1bc3","2026-03-05T13:33:05.373000","2026-03-05T13:33:05.373000","anonymous","anonymous","false"
"69a8b532979f267fc7c78d17","true","ΚΩΝΣΤΑΝΤΙΝΟΣ ΚΠΕ-Π22","69a986115c96d8e10a857fed","2026-03-05T13:33:05.084000","2026-03-05T13:33:05.084000","anonymous","anonymous","false"
"69a8b532979f267fc7c78dcc","true","ΚΩΝΣΤΑΝΤΙΝΟΣ ΚΠΕ-Π22","69a9860e68e15408ef0b9d34","2026-03-05T13:33:02.557000","2026-03-05T13:33:02.557000","anonymous","anonymous","false"
"69a8b532979f267fc7c78d80","true","ΚΩΝΣΤΑΝΤΙΝΟΣ ΚΠΕ-Π22","69a9860cffa8f869961c3a18","2026-03-05T13:33:00.375000","2026-03-05T13:33:00.375000","anonymous","anonymous","false"
"69a8b532979f267fc7c78e18","true","ΚΩΝΣΤΑΝΤΙΝΟΣ ΚΠΕ-Π22","69a9860a264422938c8ac743","2026-03-05T13:32:58.655000","2026-03-05T13:32:58.655000","anonymous","anonymous","false"
"69a8b532979f267fc7c78e0d","true","ΚΩΝΣΤΑΝΤΙΝΟΣ ΚΠΕ-Π22","69a9860a8aa03df5f58fde59","2026-03-05T13:32:58.397000","2026-03-05T13:32:58.397000","anonymous","anonymous","false"
"69a8b532979f267fc7c78d7d","true","ΑΝΤΡΕΑΣ ΜΜΚ22","69a97e1f8309f26a4cd531a0","2026-03-05T12:59:11.336000","2026-03-05T17:18:09.602000","anonymous","anonymous","false"
"69a8b532979f267fc7c78d3e","false","ΚΩΝΣΤΑΝΤΙΝΑ ΨΥΧ22","69a972e0079c7d86e8d236c3","2026-03-05T12:11:12.593000","2026-03-05T12:11:20.156000","anonymous","anonymous","false"
"69a8b532979f267fc7c78d3d","false","ΚΩΝΣΤΑΝΤΙΝΑ ΨΥΧ22","69a972e0b340164fc79bdd15","2026-03-05T12:11:12.078000","2026-03-05T12:11:17.988000","anonymous","anonymous","false"
"69a8b532979f267fc7c78d3c","false","ΚΩΝΣΤΑΝΤΙΝΑ ΨΥΧ22","69a972dfec1c9ccc7d4fcc56","2026-03-05T12:11:11.644000","2026-03-05T12:11:13.987000","anonymous","anonymous","false"
"69a8b532979f267fc7c78dfe","true","ΘΕΟΔΩΡΑ ΦΥΣ25","69a9629cee1c251a5ac7df6c","2026-03-05T11:01:48.092000","2026-03-05T11:01:48.092000","anonymous","anonymous","false"
"69a8b532979f267fc7c78de3","false","ΣΤΕΛΕΧΟΣ","69a92a9cde46d6956203c56e","2026-03-05T07:02:52.167000","2026-03-05T07:02:56.357000","anonymous","anonymous","false"
"69a8b532979f267fc7c78dd2","false","ΣΤΕΛΕΧΟΣ","69a92a962c38ee79088f12f9","2026-03-05T07:02:46.915000","2026-03-05T07:03:46.199000","anonymous","anonymous","false"
"69a8b532979f267fc7c78dcf","false","ΣΤΕΛΕΧΟΣ","69a92a9576df9bbe709cfe66","2026-03-05T07:02:45.955000","2026-03-05T07:03:46.805000","anonymous","anonymous","false"
"69a8b532979f267fc7c78e36","false","ΣΤΕΛΕΧΟΣ","69a92a114d8fd510ef77d0d2","2026-03-05T07:00:33.481000","2026-03-05T07:03:47.364000","anonymous","anonymous","false"
"69a8b532979f267fc7c78e30","false","ΚΩΝΣΤΑΝΤΙΝΑ ΨΥΧ22","69a8c8ddc82b3661a808f43f","2026-03-05T00:05:49.851000","2026-03-05T05:29:11.944000","anonymous","anonymous","false"
"69a8b5302794c160e6a5e2f4","false","ΝΤΕΜΗΣ ΟΙΚ25","69a8c1ffeada5fd5487bad9a","2026-03-04T23:36:31.199000","2026-03-04T23:36:32.465000","anonymous","anonymous","false"
"69a8b5302794c160e6a5e2f7","false","ΝΤΕΜΗΣ ΟΙΚ25","69a8c1bbede11078a5739580","2026-03-04T23:35:23.805000","2026-03-04T23:40:02.190000","anonymous","anonymous","false"
"69a8b5302794c160e6a5e2ec","false","ΝΤΕΜΗΣ ΟΙΚ25","69a8c1afc4a6d2fef09d8719","2026-03-04T23:35:11.451000","2026-03-04T23:39:57.547000","anonymous","anonymous","false"
"69a8b5302794c160e6a5e2ed","false","ΝΤΕΜΗΣ ΟΙΚ25","69a8c1a7d301d1764cba3438","2026-03-04T23:35:03.935000","2026-03-04T23:36:33.882000","697fc1b4d8c3e8fadab0d36d","mkoutoumbas@gmail.com","false"
"69a8b5302794c160e6a5e3bb","false","ΝΤΕΜΗΣ ΟΙΚ25","69a8c196a26a480e01c9a1f0","2026-03-04T23:34:46.963000","2026-03-04T23:39:57.407000","anonymous","anonymous","false"
"69a8b5302794c160e6a5e43a","false","ΝΤΕΜΗΣ ΟΙΚ25","69a8c195ae760bc06afebdb3","2026-03-04T23:34:45.734000","2026-03-04T23:39:59.720000","anonymous","anonymous","false"
"69a8b5302794c160e6a5e43a","true","ΝΤΕΜΗΣ ΟΙΚ25","69a8c1954d929772f5627371","2026-03-04T23:34:45.191000","2026-03-04T23:34:45.191000","anonymous","anonymous","false"
"69a8b5302794c160e6a5e489","false","ΝΤΕΜΗΣ ΟΙΚ25","69a8c0f0a5839ab1e03aa830","2026-03-04T23:32:00.753000","2026-03-04T23:39:55.302000","anonymous","anonymous","false"
"69a88305d4e43b288b0fa6c8","true","ΑΝΤΩΝΗΣ ΛΟΧ22","69a8863f39770f88b386dcb5","2026-03-04T19:21:35.517000","2026-03-04T19:21:35.517000","697fc1b4d8c3e8fadab0d36d","mkoutoumbas@gmail.com","false"
"69a88305d4e43b288b0fa6c3","true","ΑΝΤΩΝΗΣ ΛΟΧ22","69a8863ec24b4db711800d4a","2026-03-04T19:21:34.997000","2026-03-04T19:21:34.997000","697fc1b4d8c3e8fadab0d36d","mkoutoumbas@gmail.com","false"
"69a88305d4e43b288b0fa6bf","true","ΑΝΤΩΝΗΣ ΛΟΧ22","69a8863d6b60561ab1f4c497","2026-03-04T19:21:33.806000","2026-03-04T19:21:33.806000","697fc1b4d8c3e8fadab0d36d","mkoutoumbas@gmail.com","false"
"69a88305d4e43b288b0fa6be","true","ΑΝΤΩΝΗΣ ΛΟΧ22","69a8863d8c9e29c8082ac280","2026-03-04T19:21:33.268000","2026-03-04T19:21:33.268000","697fc1b4d8c3e8fadab0d36d","mkoutoumbas@gmail.com","false"
"69a88305d4e43b288b0fa6ba","true","ΑΝΤΩΝΗΣ ΛΟΧ22","69a8863c96f927d66d225676","2026-03-04T19:21:32.676000","2026-03-04T19:21:32.676000","697fc1b4d8c3e8fadab0d36d","mkoutoumbas@gmail.com","false"
"69a88305d4e43b288b0fa717","true","ΑΝΤΩΝΗΣ ΛΟΧ22","69a8863b486b4b830e318d74","2026-03-04T19:21:31.243000","2026-03-04T19:21:31.243000","697fc1b4d8c3e8fadab0d36d","mkoutoumbas@gmail.com","false"
"69a88305d4e43b288b0fa70b","true","ΑΝΤΩΝΗΣ ΛΟΧ22","69a8863a40d8e6aee9659774","2026-03-04T19:21:30.459000","2026-03-04T19:21:30.459000","697fc1b4d8c3e8fadab0d36d","mkoutoumbas@gmail.com","false"
"69a88305d4e43b288b0fa70a","true","ΑΝΤΩΝΗΣ ΛΟΧ22","69a88639b456a5ee6e4f0977","2026-03-04T19:21:29.903000","2026-03-04T19:21:29.903000","697fc1b4d8c3e8fadab0d36d","mkoutoumbas@gmail.com","false"
"69a88305d4e43b288b0fa6f4","true","ΑΝΤΩΝΗΣ ΛΟΧ22","69a886377c3914534be77ad3","2026-03-04T19:21:27.075000","2026-03-04T19:21:27.075000","697fc1b4d8c3e8fadab0d36d","mkoutoumbas@gmail.com","false"
"69a88305d4e43b288b0fa77b","true","ΑΝΤΩΝΗΣ ΛΟΧ22","69a886358c4f9f08974935f0","2026-03-04T19:21:25.416000","2026-03-04T19:21:25.416000","697fc1b4d8c3e8fadab0d36d","mkoutoumbas@gmail.com","false"
"69a88305d4e43b288b0fa749","true","ΑΝΤΩΝΗΣ ΛΟΧ22","69a88634daef08abbc8d219c","2026-03-04T19:21:24.808000","2026-03-04T19:21:24.808000","697fc1b4d8c3e8fadab0d36d","mkoutoumbas@gmail.com","false"
"69a88305d4e43b288b0fa741","true","ΑΝΤΩΝΗΣ ΛΟΧ22","69a886344f77c40ac8130e0a","2026-03-04T19:21:24.170000","2026-03-04T19:21:24.170000","697fc1b4d8c3e8fadab0d36d","mkoutoumbas@gmail.com","false"
"69a88305d4e43b288b0fa797","true","ΑΝΤΩΝΗΣ ΛΟΧ22","69a886336767d9df8a84e31a","2026-03-04T19:21:23.461000","2026-03-04T19:21:23.461000","697fc1b4d8c3e8fadab0d36d","mkoutoumbas@gmail.com","false"
"69a88305d4e43b288b0fa78e","false","ΑΝΤΩΝΗΣ ΛΟΧ22","69a88632610b6aaf35e37673","2026-03-04T19:21:22.986000","2026-03-04T19:21:46.509000","697fc1b4d8c3e8fadab0d36d","mkoutoumbas@gmail.com","false"
"69a0c3c46dfdd5dcdcc24fb1","true","ΧΡΗΣΤΟΣ ΕΠΛ23","69a6115dfb4ec3a055b674fd","2026-03-02T22:38:21.565000","2026-03-02T22:38:23.081000","anonymous","anonymous","false"
"69a0c3c46dfdd5dcdcc24f64","false","ΜΙΧΑΛΗΣ ΕΠΛ19","69a42560957391ba3daa8fe3","2026-03-01T11:39:12.015000","2026-03-01T11:39:13.431000","anonymous","anonymous","false"
"69a0c3c46dfdd5dcdcc24f62","false","ΜΙΧΑΛΗΣ ΕΠΛ19","69a4255d7091649318800463","2026-03-01T11:39:09.402000","2026-03-01T11:39:17.196000","anonymous","anonymous","false"
"69a0c3c46dfdd5dcdcc2534b","true","ΦΑΝΟΥΡΙΟΣ ΔΕΔ22","69a149cdee7d204a4f48687d","2026-02-27T07:37:49.112000","2026-02-27T07:37:50.639000","anonymous","anonymous","false"
"69a0c3c46dfdd5dcdcc2534b","false","ΦΑΝΟΥΡΙΟΣ ΔΕΔ22","69a149cc070d806a37e77afb","2026-02-27T07:37:48.598000","2026-02-27T07:37:49.507000","anonymous","anonymous","false"
"69a0c3c46dfdd5dcdcc25375","false","ΦΑΝΟΥΡΙΟΣ ΔΕΔ22","69a148d646ad10efecba9d2f","2026-02-27T07:33:42.705000","2026-02-27T07:38:14.753000","anonymous","anonymous","false"
"69a0c3c46dfdd5dcdcc25375","true","ΦΑΝΟΥΡΙΟΣ ΔΕΔ22","69a148d6f5a06674b03fb450","2026-02-27T07:33:42.175000","2026-02-27T07:33:42.175000","anonymous","anonymous","false"
"69a0c3c46dfdd5dcdcc25375","true","ΦΑΝΟΥΡΙΟΣ ΔΕΔ22","69a148d5e682e5e561422967","2026-02-27T07:33:41.669000","2026-02-27T07:33:41.669000","anonymous","anonymous","false"
"69a0c3c46dfdd5dcdcc25375","true","ΦΑΝΟΥΡΙΟΣ ΔΕΔ22","69a148d444800f311b8af29c","2026-02-27T07:33:40.916000","2026-02-27T07:33:40.916000","anonymous","anonymous","false"
"69a0c3c46dfdd5dcdcc2535c","false","ΜΑΡΙΟΣ ΔΕΔ20","69a0c62f3254e2882b30856f","2026-02-26T22:16:15.135000","2026-02-26T22:16:16.202000","697fc1b4d8c3e8fadab0d36d","mkoutoumbas@gmail.com","false"
"6998d4eedc3873664523d944","false","ΜΙΧΑΛΗΣ ΕΠΛ19","699f14c19f72784b0bc8aca7","2026-02-25T15:26:57.282000","2026-02-25T15:26:58.817000","anonymous","anonymous","false"
"6998d4eedc3873664523d93e","false","ΜΙΧΑΛΗΣ ΕΠΛ19","699f14ae1d56053a1b87657c","2026-02-25T15:26:38.014000","2026-02-25T15:26:59.480000","anonymous","anonymous","false"
"6998d4eedc3873664523d941","false","ΜΙΧΑΛΗΣ ΕΠΛ19","699f14ac5f650474e2850dbc","2026-02-25T15:26:36.980000","2026-02-25T16:15:35.304000","anonymous","anonymous","false"
"6995afeb6a96f39af38ad372","true","ΓΙΩΡΓΟΣ ΜΑΣ19","6995b032faaf0117886a780e","2026-02-18T12:27:30.225000","2026-02-18T12:27:30.225000","697fc1b4d8c3e8fadab0d36d","mkoutoumbas@gmail.com","false"
"6991c7debbc6c884918e5863","false","ΓΙΩΡΓΟΣ ΜΑΣ19","6994dd8c6ecad38ad9ec135b","2026-02-17T21:28:44.166000","2026-02-17T21:28:47.505000","697fc1b4d8c3e8fadab0d36d","mkoutoumbas@gmail.com","false"
"6991c7debbc6c884918e5862","false","ΓΙΩΡΓΟΣ ΜΑΣ19","6994dd8a774afd3884005a1b","2026-02-17T21:28:42.781000","2026-02-17T21:28:46.772000","697fc1b4d8c3e8fadab0d36d","mkoutoumbas@gmail.com","false"
"6991c7debbc6c884918e5861","false","ΓΙΩΡΓΟΣ ΜΑΣ19","6994dd8865b6311e61bbcc32","2026-02-17T21:28:40.508000","2026-02-17T21:28:45.847000","697fc1b4d8c3e8fadab0d36d","mkoutoumbas@gmail.com","false"
"69810627a4e6ba2d3dad6cc2","false","WBB","69888d9d666995ceba661557","2026-02-08T13:20:29.744000","2026-02-09T11:20:21.531000","anonymous","anonymous","false"
"69810627a4e6ba2d3dad6cc6","false","WBB","69888d9c65513271e93c6118","2026-02-08T13:20:28.278000","2026-02-08T13:34:25.301000","anonymous","anonymous","false"
"697fc405241a22e15ae0ac0d","false","WBB","69888d9acfb5ea6827f827e3","2026-02-08T13:20:26.077000","2026-02-08T13:20:27.188000","anonymous","anonymous","false"
"69810627a4e6ba2d3dad6cc4","true","WBB","69888b9896f0d45f084b8fd0","2026-02-08T13:11:52.450000","2026-02-12T20:57:11.753000","anonymous","anonymous","false"
"69810627a4e6ba2d3dad6cc4","false","WBB","69888b97289d559c3cc45be2","2026-02-08T13:11:51.995000","2026-02-08T13:11:52.892000","anonymous","anonymous","false"
"69810627a4e6ba2d3dad6cc3","false","Μαρία Δημητρίου","698106e3c8f2ade178db12fc","2026-02-02T20:19:47.858000","2026-02-02T20:19:50.393000","697fc1b4d8c3e8fadab0d36d","mkoutoumbas@gmail.com","false"
"69810627a4e6ba2d3dad6cc2","true","Μαρία Δημητρίου","698106c7cdc83ce20fb6fc7e","2026-02-02T20:19:19.341000","2026-02-02T20:19:47.012000","697fc1b4d8c3e8fadab0d36d","mkoutoumbas@gmail.com","false"