"symbol","total","updated_at","dataset_id","admission_year","voted_no","voted_yes","id","created_date","updated_date","created_by_id","created_by","is_sample"
"(Κενό)","1","2026-08-01T16:22:06.196Z","6a6d45b9c01f3b3d4dd2effa","201701","1","0","6a6e1d593a2f9402dc538d61","2026-08-01T16:22:49.603000","2026-08-01T16:22:49.603000","service_e26771ba-23cc-4ede-86d3-c06393e82682","service+e26771ba-23cc-4ede-86d3-c06393e82682@no-reply.base44.com","false"
"Σ","1","2026-08-01T16:22:06.196Z","6a6d45b9c01f3b3d4dd2effa","2026","0","1","6a6e1d59796bfbba263af0a1","2026-08-01T16:22:49.393000","2026-08-01T16:22:49.393000","service_e26771ba-23cc-4ede-86d3-c06393e82682","service+e26771ba-23cc-4ede-86d3-c06393e82682@no-reply.base44.com","false"
"Π","1","2026-08-01T16:22:06.196Z","6a6d45b9c01f3b3d4dd2effa","2015","0","1","6a6e1d5900c08e7d7c326aa9","2026-08-01T16:22:49.187000","2026-08-01T16:22:49.187000","service_e26771ba-23cc-4ede-86d3-c06393e82682","service+e26771ba-23cc-4ede-86d3-c06393e82682@no-reply.base44.com","false"
"Ε","1","2026-08-01T16:22:06.196Z","6a6d45b9c01f3b3d4dd2effa","2025","1","0","6a6e1d58fc6a43bbf20e001d","2026-08-01T16:22:48.979000","2026-08-01T16:22:48.979000","service_e26771ba-23cc-4ede-86d3-c06393e82682","service+e26771ba-23cc-4ede-86d3-c06393e82682@no-reply.base44.com","false"
"Χ","1","2026-08-01T16:22:06.196Z","6a6d45b9c01f3b3d4dd2effa","2015","1","0","6a6e1d58817ade52a179ee2f","2026-08-01T16:22:48.747000","2026-08-01T16:22:48.747000","service_e26771ba-23cc-4ede-86d3-c06393e82682","service+e26771ba-23cc-4ede-86d3-c06393e82682@no-reply.base44.com","false"
"'-","1","2026-08-01T16:22:06.196Z","6a6d45b9c01f3b3d4dd2effa","201909","1","0","6a6e1d58cebcd52424591848","2026-08-01T16:22:48.496000","2026-08-01T16:22:48.496000","service_e26771ba-23cc-4ede-86d3-c06393e82682","service+e26771ba-23cc-4ede-86d3-c06393e82682@no-reply.base44.com","false"
"'-","2","2026-08-01T16:22:06.196Z","6a6d45b9c01f3b3d4dd2effa","2017","2","0","6a6e1d588b66a0d6699ac709","2026-08-01T16:22:48.135000","2026-08-01T16:22:48.135000","service_e26771ba-23cc-4ede-86d3-c06393e82682","service+e26771ba-23cc-4ede-86d3-c06393e82682@no-reply.base44.com","false"
"Σ","7","2026-08-01T16:22:06.196Z","6a6d45b9c01f3b3d4dd2effa","2017","1","6","6a6e1d57df392780f1878820","2026-08-01T16:22:47.911000","2026-08-01T16:22:47.911000","service_e26771ba-23cc-4ede-86d3-c06393e82682","service+e26771ba-23cc-4ede-86d3-c06393e82682@no-reply.base44.com","false"
"'-","1","2026-08-01T16:22:06.196Z","6a6d45b9c01f3b3d4dd2effa","2015","1","0","6a6e1d57c559dd265c549561","2026-08-01T16:22:47.699000","2026-08-01T16:22:47.699000","service_e26771ba-23cc-4ede-86d3-c06393e82682","service+e26771ba-23cc-4ede-86d3-c06393e82682@no-reply.base44.com","false"
"Χ","3","2026-08-01T16:22:06.196Z","6a6d45b9c01f3b3d4dd2effa","2025","1","2","6a6e1d57677c2e671198c3ea","2026-08-01T16:22:47.477000","2026-08-01T16:22:47.477000","service_e26771ba-23cc-4ede-86d3-c06393e82682","service+e26771ba-23cc-4ede-86d3-c06393e82682@no-reply.base44.com","false"
"Π","6","2026-08-01T16:22:06.196Z","6a6d45b9c01f3b3d4dd2effa","2019","3","3","6a6e1d574fcdc60245bad248","2026-08-01T16:22:47.275000","2026-08-01T16:22:47.275000","service_e26771ba-23cc-4ede-86d3-c06393e82682","service+e26771ba-23cc-4ede-86d3-c06393e82682@no-reply.base44.com","false"
"'-","9","2026-08-01T16:22:06.196Z","6a6d45b9c01f3b3d4dd2effa","2024","7","2","6a6e1d5770b34455bf685a53","2026-08-01T16:22:47.078000","2026-08-01T16:22:47.078000","service_e26771ba-23cc-4ede-86d3-c06393e82682","service+e26771ba-23cc-4ede-86d3-c06393e82682@no-reply.base44.com","false"
"Σ","10","2026-08-01T16:22:06.196Z","6a6d45b9c01f3b3d4dd2effa","2018","1","9","6a6e1d56856426ed1bc816a9","2026-08-01T16:22:46.848000","2026-08-01T16:22:46.848000","service_e26771ba-23cc-4ede-86d3-c06393e82682","service+e26771ba-23cc-4ede-86d3-c06393e82682@no-reply.base44.com","false"
"Δ","2","2026-08-01T16:22:06.196Z","6a6d45b9c01f3b3d4dd2effa","2022","2","0","6a6e1d5695d4737ef9e98db9","2026-08-01T16:22:46.628000","2026-08-01T16:22:46.628000","service_e26771ba-23cc-4ede-86d3-c06393e82682","service+e26771ba-23cc-4ede-86d3-c06393e82682@no-reply.base44.com","false"
"Ο","2","2026-08-01T16:22:06.196Z","6a6d45b9c01f3b3d4dd2effa","2023","0","2","6a6e1d569823adf231de2e46","2026-08-01T16:22:46.313000","2026-08-01T16:22:46.313000","service_e26771ba-23cc-4ede-86d3-c06393e82682","service+e26771ba-23cc-4ede-86d3-c06393e82682@no-reply.base44.com","false"
"Σ","1","2026-08-01T16:22:06.196Z","6a6d45b9c01f3b3d4dd2effa","201609","0","1","6a6e1d56692dbb026287fc18","2026-08-01T16:22:46.119000","2026-08-01T16:22:46.119000","service_e26771ba-23cc-4ede-86d3-c06393e82682","service+e26771ba-23cc-4ede-86d3-c06393e82682@no-reply.base44.com","false"
"Π","1","2026-08-01T16:22:06.196Z","6a6d45b9c01f3b3d4dd2effa","ΙΣΑ","1","0","6a6e1d5599b73fbc06a9b6a4","2026-08-01T16:22:45.833000","2026-08-01T16:22:45.833000","service_e26771ba-23cc-4ede-86d3-c06393e82682","service+e26771ba-23cc-4ede-86d3-c06393e82682@no-reply.base44.com","false"
"'-","7","2026-08-01T16:22:06.196Z","6a6d45b9c01f3b3d4dd2effa","2019","7","0","6a6e1d55c6587c23f6b49569","2026-08-01T16:22:45.617000","2026-08-01T16:22:45.617000","service_e26771ba-23cc-4ede-86d3-c06393e82682","service+e26771ba-23cc-4ede-86d3-c06393e82682@no-reply.base44.com","false"
"Δ","13","2026-08-01T16:22:06.196Z","6a6d45b9c01f3b3d4dd2effa","(Άγνωστο)","12","1","6a6e1d55c7838213223dddca","2026-08-01T16:22:45.406000","2026-08-01T16:22:45.406000","service_e26771ba-23cc-4ede-86d3-c06393e82682","service+e26771ba-23cc-4ede-86d3-c06393e82682@no-reply.base44.com","false"
"Ο","11","2026-08-01T16:22:06.196Z","6a6d45b9c01f3b3d4dd2effa","(Άγνωστο)","4","7","6a6e1d5482d6d14a5b84797d","2026-08-01T16:22:44.992000","2026-08-01T16:22:44.992000","service_e26771ba-23cc-4ede-86d3-c06393e82682","service+e26771ba-23cc-4ede-86d3-c06393e82682@no-reply.base44.com","false"
"Χ","2","2026-08-01T16:22:06.196Z","6a6d45b9c01f3b3d4dd2effa","2018","1","1","6a6e1d54ef0bdb02e8de83c7","2026-08-01T16:22:44.735000","2026-08-01T16:22:44.735000","service_e26771ba-23cc-4ede-86d3-c06393e82682","service+e26771ba-23cc-4ede-86d3-c06393e82682@no-reply.base44.com","false"
"(Κενό)","3","2026-08-01T16:22:06.196Z","6a6d45b9c01f3b3d4dd2effa","2015","3","0","6a6e1d5457c6738051839246","2026-08-01T16:22:44.538000","2026-08-01T16:22:44.538000","service_e26771ba-23cc-4ede-86d3-c06393e82682","service+e26771ba-23cc-4ede-86d3-c06393e82682@no-reply.base44.com","false"
"Χ","1","2026-08-01T16:22:06.196Z","6a6d45b9c01f3b3d4dd2effa","2021","0","1","6a6e1d5426b1a4aeedfb2761","2026-08-01T16:22:44.337000","2026-08-01T16:22:44.337000","service_e26771ba-23cc-4ede-86d3-c06393e82682","service+e26771ba-23cc-4ede-86d3-c06393e82682@no-reply.base44.com","false"
"(Κενό)","1","2026-08-01T16:22:06.196Z","6a6d45b9c01f3b3d4dd2effa","101","0","1","6a6e1d54b1edcf9e6bf19184","2026-08-01T16:22:44.140000","2026-08-01T16:22:44.140000","service_e26771ba-23cc-4ede-86d3-c06393e82682","service+e26771ba-23cc-4ede-86d3-c06393e82682@no-reply.base44.com","false"
"(Κενό)","2","2026-08-01T16:22:06.196Z","6a6d45b9c01f3b3d4dd2effa","2017","2","0","6a6e1d53bed3916239fdc244","2026-08-01T16:22:43.937000","2026-08-01T16:22:43.937000","service_e26771ba-23cc-4ede-86d3-c06393e82682","service+e26771ba-23cc-4ede-86d3-c06393e82682@no-reply.base44.com","false"
"(Κενό)","4","2026-08-01T16:22:06.196Z","6a6d45b9c01f3b3d4dd2effa","2026","2","2","6a6e1d53921d42988b71b8db","2026-08-01T16:22:43.738000","2026-08-01T16:22:43.738000","service_e26771ba-23cc-4ede-86d3-c06393e82682","service+e26771ba-23cc-4ede-86d3-c06393e82682@no-reply.base44.com","false"
"(Κενό)","4","2026-08-01T16:22:06.196Z","6a6d45b9c01f3b3d4dd2effa","2016","3","1","6a6e1d53796bfbba263af09c","2026-08-01T16:22:43.520000","2026-08-01T16:22:43.520000","service_e26771ba-23cc-4ede-86d3-c06393e82682","service+e26771ba-23cc-4ede-86d3-c06393e82682@no-reply.base44.com","false"
"(Κενό)","1","2026-08-01T16:22:06.196Z","6a6d45b9c01f3b3d4dd2effa","ΗΜΥ","0","1","6a6e1d538c1fa98f5f584377","2026-08-01T16:22:43.194000","2026-08-01T16:22:43.194000","service_e26771ba-23cc-4ede-86d3-c06393e82682","service+e26771ba-23cc-4ede-86d3-c06393e82682@no-reply.base44.com","false"
"Δ","5","2026-08-01T16:22:06.196Z","6a6d45b9c01f3b3d4dd2effa","2023","4","1","6a6e1d520cb868a5c08532d1","2026-08-01T16:22:42.947000","2026-08-01T16:22:42.947000","service_e26771ba-23cc-4ede-86d3-c06393e82682","service+e26771ba-23cc-4ede-86d3-c06393e82682@no-reply.base44.com","false"
"(Κενό)","136","2026-08-01T16:22:06.196Z","6a6d45b9c01f3b3d4dd2effa","2024","82","54","6a6e1d520f680ad2330ae21a","2026-08-01T16:22:42.740000","2026-08-01T16:22:42.740000","service_e26771ba-23cc-4ede-86d3-c06393e82682","service+e26771ba-23cc-4ede-86d3-c06393e82682@no-reply.base44.com","false"
"(Κενό)","52","2026-08-01T16:22:06.196Z","6a6d45b9c01f3b3d4dd2effa","2020","27","25","6a6e1d52412a31cf0ef5291d","2026-08-01T16:22:42.544000","2026-08-01T16:22:42.544000","service_e26771ba-23cc-4ede-86d3-c06393e82682","service+e26771ba-23cc-4ede-86d3-c06393e82682@no-reply.base44.com","false"
"(Κενό)","145","2026-08-01T16:22:06.196Z","6a6d45b9c01f3b3d4dd2effa","2025","80","65","6a6e1d5202e831a69797f44c","2026-08-01T16:22:42.339000","2026-08-01T16:22:42.339000","service_e26771ba-23cc-4ede-86d3-c06393e82682","service+e26771ba-23cc-4ede-86d3-c06393e82682@no-reply.base44.com","false"
"Δ","3","2026-08-01T16:22:06.196Z","6a6d45b9c01f3b3d4dd2effa","2025","3","0","6a6e1d52ad07849bdc99d965","2026-08-01T16:22:42.140000","2026-08-01T16:22:42.140000","service_e26771ba-23cc-4ede-86d3-c06393e82682","service+e26771ba-23cc-4ede-86d3-c06393e82682@no-reply.base44.com","false"
"Ο","1","2026-08-01T16:22:06.196Z","6a6d45b9c01f3b3d4dd2effa","2025","1","0","6a6e1d511878b7131094cbd7","2026-08-01T16:22:41.942000","2026-08-01T16:22:41.942000","service_e26771ba-23cc-4ede-86d3-c06393e82682","service+e26771ba-23cc-4ede-86d3-c06393e82682@no-reply.base44.com","false"
"Χ","10","2026-08-01T16:22:06.196Z","6a6d45b9c01f3b3d4dd2effa","2024","3","7","6a6e1d51c3c06290a9a1a38c","2026-08-01T16:22:41.716000","2026-08-01T16:22:41.716000","service_e26771ba-23cc-4ede-86d3-c06393e82682","service+e26771ba-23cc-4ede-86d3-c06393e82682@no-reply.base44.com","false"
"(Κενό)","24","2026-08-01T16:22:06.196Z","6a6d45b9c01f3b3d4dd2effa","2019","13","11","6a6e1d51d8065427eed5165f","2026-08-01T16:22:41.507000","2026-08-01T16:22:41.507000","service_e26771ba-23cc-4ede-86d3-c06393e82682","service+e26771ba-23cc-4ede-86d3-c06393e82682@no-reply.base44.com","false"
"Π","2","2026-08-01T16:22:06.196Z","6a6d45b9c01f3b3d4dd2effa","202301","1","1","6a6e1d511c94afa899ca540d","2026-08-01T16:22:41.311000","2026-08-01T16:22:41.311000","service_e26771ba-23cc-4ede-86d3-c06393e82682","service+e26771ba-23cc-4ede-86d3-c06393e82682@no-reply.base44.com","false"
"'-","8","2026-08-01T16:22:06.196Z","6a6d45b9c01f3b3d4dd2effa","202509","7","1","6a6e1d513ac31088c88375dc","2026-08-01T16:22:41.124000","2026-08-01T16:22:41.124000","service_e26771ba-23cc-4ede-86d3-c06393e82682","service+e26771ba-23cc-4ede-86d3-c06393e82682@no-reply.base44.com","false"
"Χ","38","2026-08-01T16:22:06.196Z","6a6d45b9c01f3b3d4dd2effa","(Άγνωστο)","18","20","6a6e1d50247494d7ca6a7546","2026-08-01T16:22:40.921000","2026-08-01T16:22:40.921000","service_e26771ba-23cc-4ede-86d3-c06393e82682","service+e26771ba-23cc-4ede-86d3-c06393e82682@no-reply.base44.com","false"
"Χ","3","2026-08-01T16:22:06.196Z","6a6d45b9c01f3b3d4dd2effa","202509","3","0","6a6e1d505ad0a214a85910fc","2026-08-01T16:22:40.611000","2026-08-01T16:22:40.611000","service_e26771ba-23cc-4ede-86d3-c06393e82682","service+e26771ba-23cc-4ede-86d3-c06393e82682@no-reply.base44.com","false"
"(Κενό)","118","2026-08-01T16:22:06.196Z","6a6d45b9c01f3b3d4dd2effa","2022","63","55","6a6e1d500cce7c728c6f1af2","2026-08-01T16:22:40.408000","2026-08-01T16:22:40.408000","service_e26771ba-23cc-4ede-86d3-c06393e82682","service+e26771ba-23cc-4ede-86d3-c06393e82682@no-reply.base44.com","false"
"Π","2","2026-08-01T16:22:06.196Z","6a6d45b9c01f3b3d4dd2effa","2018","2","0","6a6e1d5054f97578f0423c09","2026-08-01T16:22:40.183000","2026-08-01T16:22:40.183000","service_e26771ba-23cc-4ede-86d3-c06393e82682","service+e26771ba-23cc-4ede-86d3-c06393e82682@no-reply.base44.com","false"
"(Κενό)","7","2026-08-01T16:22:06.196Z","6a6d45b9c01f3b3d4dd2effa","2018","6","1","6a6e1d4fe9f35a4fcc9265f1","2026-08-01T16:22:39.983000","2026-08-01T16:22:39.983000","service_e26771ba-23cc-4ede-86d3-c06393e82682","service+e26771ba-23cc-4ede-86d3-c06393e82682@no-reply.base44.com","false"
"Π","4","2026-08-01T16:22:06.196Z","6a6d45b9c01f3b3d4dd2effa","2017","4","0","6a6e1d4f3be4635ea85b4636","2026-08-01T16:22:39.778000","2026-08-01T16:22:39.778000","service_e26771ba-23cc-4ede-86d3-c06393e82682","service+e26771ba-23cc-4ede-86d3-c06393e82682@no-reply.base44.com","false"
"Χ","3","2026-08-01T16:22:06.196Z","6a6d45b9c01f3b3d4dd2effa","2022","0","3","6a6e1d4f44513c82df0fef70","2026-08-01T16:22:39.566000","2026-08-01T16:22:39.566000","service_e26771ba-23cc-4ede-86d3-c06393e82682","service+e26771ba-23cc-4ede-86d3-c06393e82682@no-reply.base44.com","false"
"Σ","6","2026-08-01T16:22:06.196Z","6a6d45b9c01f3b3d4dd2effa","2016","1","5","6a6e1d4fd2f8120d3e9130ff","2026-08-01T16:22:39.343000","2026-08-01T16:22:39.343000","service_e26771ba-23cc-4ede-86d3-c06393e82682","service+e26771ba-23cc-4ede-86d3-c06393e82682@no-reply.base44.com","false"
"Χ","15","2026-08-01T16:22:06.196Z","6a6d45b9c01f3b3d4dd2effa","2023","9","6","6a6e1d4ff0e539975c5793f6","2026-08-01T16:22:39.096000","2026-08-01T16:22:39.096000","service_e26771ba-23cc-4ede-86d3-c06393e82682","service+e26771ba-23cc-4ede-86d3-c06393e82682@no-reply.base44.com","false"
"Ε","12","2026-08-01T16:22:06.196Z","6a6d45b9c01f3b3d4dd2effa","(Άγνωστο)","11","1","6a6e1d4e0248fc042d8d5e32","2026-08-01T16:22:38.884000","2026-08-01T16:22:38.884000","service_e26771ba-23cc-4ede-86d3-c06393e82682","service+e26771ba-23cc-4ede-86d3-c06393e82682@no-reply.base44.com","false"
"Π","2","2026-08-01T16:22:06.196Z","6a6d45b9c01f3b3d4dd2effa","201909","2","0","6a6e1d4e818daa59a536175b","2026-08-01T16:22:38.674000","2026-08-01T16:22:38.674000","service_e26771ba-23cc-4ede-86d3-c06393e82682","service+e26771ba-23cc-4ede-86d3-c06393e82682@no-reply.base44.com","false"
"Σ","2","2026-08-01T16:22:06.196Z","6a6d45b9c01f3b3d4dd2effa","202009","0","2","6a6e1d4ea5441720cfa22ec4","2026-08-01T16:22:38.479000","2026-08-01T16:22:38.479000","service_e26771ba-23cc-4ede-86d3-c06393e82682","service+e26771ba-23cc-4ede-86d3-c06393e82682@no-reply.base44.com","false"
"'-","4","2026-08-01T16:22:06.196Z","6a6d45b9c01f3b3d4dd2effa","2018","4","0","6a6e1d4ea479200e452d01c4","2026-08-01T16:22:38.248000","2026-08-01T16:22:38.248000","service_e26771ba-23cc-4ede-86d3-c06393e82682","service+e26771ba-23cc-4ede-86d3-c06393e82682@no-reply.base44.com","false"
"'-","2","2026-08-01T16:22:06.196Z","6a6d45b9c01f3b3d4dd2effa","2016","2","0","6a6e1d4ee6f4a0a536d9720c","2026-08-01T16:22:38.006000","2026-08-01T16:22:38.006000","service_e26771ba-23cc-4ede-86d3-c06393e82682","service+e26771ba-23cc-4ede-86d3-c06393e82682@no-reply.base44.com","false"
"(Κενό)","105","2026-08-01T16:22:06.196Z","6a6d45b9c01f3b3d4dd2effa","2021","59","46","6a6e1d4ddc9c31ea812ea924","2026-08-01T16:22:37.739000","2026-08-01T16:22:37.739000","service_e26771ba-23cc-4ede-86d3-c06393e82682","service+e26771ba-23cc-4ede-86d3-c06393e82682@no-reply.base44.com","false"
"'-","6","2026-08-01T16:22:06.196Z","6a6d45b9c01f3b3d4dd2effa","202409","6","0","6a6e1d4d89c58cb6136c8629","2026-08-01T16:22:37.527000","2026-08-01T16:22:37.527000","service_e26771ba-23cc-4ede-86d3-c06393e82682","service+e26771ba-23cc-4ede-86d3-c06393e82682@no-reply.base44.com","false"
"(Κενό)","142","2026-08-01T16:22:06.196Z","6a6d45b9c01f3b3d4dd2effa","2023","72","70","6a6e1d4d8b5c9ea9d2927a92","2026-08-01T16:22:37.329000","2026-08-01T16:22:37.329000","service_e26771ba-23cc-4ede-86d3-c06393e82682","service+e26771ba-23cc-4ede-86d3-c06393e82682@no-reply.base44.com","false"
"'-","6","2026-08-01T16:22:06.196Z","6a6d45b9c01f3b3d4dd2effa","202209","6","0","6a6e1d4d3586a03b35817568","2026-08-01T16:22:37.114000","2026-08-01T16:22:37.114000","service_e26771ba-23cc-4ede-86d3-c06393e82682","service+e26771ba-23cc-4ede-86d3-c06393e82682@no-reply.base44.com","false"
"Σ","11","2026-08-01T16:22:06.196Z","6a6d45b9c01f3b3d4dd2effa","2019","1","10","6a6e1d4c8b5c9ea9d2927a91","2026-08-01T16:22:36.916000","2026-08-01T16:22:36.916000","service_e26771ba-23cc-4ede-86d3-c06393e82682","service+e26771ba-23cc-4ede-86d3-c06393e82682@no-reply.base44.com","false"
"Χ","3","2026-08-01T16:22:06.196Z","6a6d45b9c01f3b3d4dd2effa","2019","2","1","6a6e1d4c5371c1d4997adede","2026-08-01T16:22:36.721000","2026-08-01T16:22:36.721000","service_e26771ba-23cc-4ede-86d3-c06393e82682","service+e26771ba-23cc-4ede-86d3-c06393e82682@no-reply.base44.com","false"
"'-","8","2026-08-01T16:22:06.196Z","6a6d45b9c01f3b3d4dd2effa","2025","8","0","6a6e1d4cc37911c06ae05cac","2026-08-01T16:22:36.518000","2026-08-01T16:22:36.518000","service_e26771ba-23cc-4ede-86d3-c06393e82682","service+e26771ba-23cc-4ede-86d3-c06393e82682@no-reply.base44.com","false"
"'-","13","2026-08-01T16:22:06.196Z","6a6d45b9c01f3b3d4dd2effa","2021","13","0","6a6e1d4c0b0d02332839aba4","2026-08-01T16:22:36.304000","2026-08-01T16:22:36.304000","service_e26771ba-23cc-4ede-86d3-c06393e82682","service+e26771ba-23cc-4ede-86d3-c06393e82682@no-reply.base44.com","false"
"Π","18","2026-08-01T16:22:06.196Z","6a6d45b9c01f3b3d4dd2effa","2020","7","11","6a6e1d4c9c38c889b34b5bee","2026-08-01T16:22:36.096000","2026-08-01T16:22:36.096000","service_e26771ba-23cc-4ede-86d3-c06393e82682","service+e26771ba-23cc-4ede-86d3-c06393e82682@no-reply.base44.com","false"
"Σ","47","2026-08-01T16:22:06.196Z","6a6d45b9c01f3b3d4dd2effa","2024","10","37","6a6e1d4bcf269880c93f7c02","2026-08-01T16:22:35.886000","2026-08-01T16:22:35.886000","service_e26771ba-23cc-4ede-86d3-c06393e82682","service+e26771ba-23cc-4ede-86d3-c06393e82682@no-reply.base44.com","false"
"Χ","3","2026-08-01T16:22:06.196Z","6a6d45b9c01f3b3d4dd2effa","202009","1","2","6a6e1d4b82029947784ace07","2026-08-01T16:22:35.685000","2026-08-01T16:22:35.685000","service_e26771ba-23cc-4ede-86d3-c06393e82682","service+e26771ba-23cc-4ede-86d3-c06393e82682@no-reply.base44.com","false"
"'-","6","2026-08-01T16:22:06.196Z","6a6d45b9c01f3b3d4dd2effa","2020","6","0","6a6e1d4bdb506cc1b208a9ac","2026-08-01T16:22:35.409000","2026-08-01T16:22:35.409000","service_e26771ba-23cc-4ede-86d3-c06393e82682","service+e26771ba-23cc-4ede-86d3-c06393e82682@no-reply.base44.com","false"
"Π","25","2026-08-01T16:22:06.196Z","6a6d45b9c01f3b3d4dd2effa","2022","14","11","6a6e1d4bbb3559194166771f","2026-08-01T16:22:35.165000","2026-08-01T16:22:35.165000","service_e26771ba-23cc-4ede-86d3-c06393e82682","service+e26771ba-23cc-4ede-86d3-c06393e82682@no-reply.base44.com","false"
"Σ","2","2026-08-01T16:22:06.196Z","6a6d45b9c01f3b3d4dd2effa","201909","0","2","6a6e1d4a4cf597e2a05df3a1","2026-08-01T16:22:34.964000","2026-08-01T16:22:34.964000","service_e26771ba-23cc-4ede-86d3-c06393e82682","service+e26771ba-23cc-4ede-86d3-c06393e82682@no-reply.base44.com","false"
"Χ","4","2026-08-01T16:22:06.196Z","6a6d45b9c01f3b3d4dd2effa","202109","3","1","6a6e1d4a32229e43c7284af3","2026-08-01T16:22:34.740000","2026-08-01T16:22:34.740000","service_e26771ba-23cc-4ede-86d3-c06393e82682","service+e26771ba-23cc-4ede-86d3-c06393e82682@no-reply.base44.com","false"
"Σ","22","2026-08-01T16:22:06.196Z","6a6d45b9c01f3b3d4dd2effa","202209","4","18","6a6e1d4a7bcf5c2b82563796","2026-08-01T16:22:34.490000","2026-08-01T16:22:34.490000","service_e26771ba-23cc-4ede-86d3-c06393e82682","service+e26771ba-23cc-4ede-86d3-c06393e82682@no-reply.base44.com","false"
"'-","17","2026-08-01T16:22:06.196Z","6a6d45b9c01f3b3d4dd2effa","2022","16","1","6a6e1d4a8014a9944a9f9488","2026-08-01T16:22:34.273000","2026-08-01T16:22:34.273000","service_e26771ba-23cc-4ede-86d3-c06393e82682","service+e26771ba-23cc-4ede-86d3-c06393e82682@no-reply.base44.com","false"
"Π","15","2026-08-01T16:22:06.196Z","6a6d45b9c01f3b3d4dd2effa","2021","10","5","6a6e1d4a5e1ed4278390334b","2026-08-01T16:22:34.062000","2026-08-01T16:22:34.062000","service_e26771ba-23cc-4ede-86d3-c06393e82682","service+e26771ba-23cc-4ede-86d3-c06393e82682@no-reply.base44.com","false"
"Π","46","2026-08-01T16:22:06.196Z","6a6d45b9c01f3b3d4dd2effa","2024","30","16","6a6e1d4943f3a1894c0d422a","2026-08-01T16:22:33.826000","2026-08-01T16:22:33.826000","service_e26771ba-23cc-4ede-86d3-c06393e82682","service+e26771ba-23cc-4ede-86d3-c06393e82682@no-reply.base44.com","false"
"Π","10","2026-08-01T16:22:06.196Z","6a6d45b9c01f3b3d4dd2effa","202109","7","3","6a6e1d497be6fefee0ec83d6","2026-08-01T16:22:33.603000","2026-08-01T16:22:33.603000","service_e26771ba-23cc-4ede-86d3-c06393e82682","service+e26771ba-23cc-4ede-86d3-c06393e82682@no-reply.base44.com","false"
"(Κενό)","49","2026-08-01T16:22:06.196Z","6a6d45b9c01f3b3d4dd2effa","202109","46","3","6a6e1d490a0857a161d301bb","2026-08-01T16:22:33.395000","2026-08-01T16:22:33.395000","service_e26771ba-23cc-4ede-86d3-c06393e82682","service+e26771ba-23cc-4ede-86d3-c06393e82682@no-reply.base44.com","false"
"(Κενό)","41","2026-08-01T16:22:06.196Z","6a6d45b9c01f3b3d4dd2effa","202009","39","2","6a6e1d49e6d7875b13e99a67","2026-08-01T16:22:33.183000","2026-08-01T16:22:33.183000","service_e26771ba-23cc-4ede-86d3-c06393e82682","service+e26771ba-23cc-4ede-86d3-c06393e82682@no-reply.base44.com","false"
"Π","35","2026-08-01T16:22:06.196Z","6a6d45b9c01f3b3d4dd2effa","202309","27","8","6a6e1d48f4a358a2e7e597ae","2026-08-01T16:22:32.964000","2026-08-01T16:22:32.964000","service_e26771ba-23cc-4ede-86d3-c06393e82682","service+e26771ba-23cc-4ede-86d3-c06393e82682@no-reply.base44.com","false"
"Σ","39","2026-08-01T16:22:06.196Z","6a6d45b9c01f3b3d4dd2effa","2021","9","30","6a6e1d4810f2af325376ad02","2026-08-01T16:22:32.628000","2026-08-01T16:22:32.628000","service_e26771ba-23cc-4ede-86d3-c06393e82682","service+e26771ba-23cc-4ede-86d3-c06393e82682@no-reply.base44.com","false"
"Δ","5","2026-08-01T16:22:06.196Z","6a6d45b9c01f3b3d4dd2effa","2024","5","0","6a6e1d485bc91afcef782569","2026-08-01T16:22:32.407000","2026-08-01T16:22:32.407000","service_e26771ba-23cc-4ede-86d3-c06393e82682","service+e26771ba-23cc-4ede-86d3-c06393e82682@no-reply.base44.com","false"
"(Κενό)","20","2026-08-01T16:22:06.196Z","6a6d45b9c01f3b3d4dd2effa","202409","20","0","6a6e1d48c3415966711fbb97","2026-08-01T16:22:32.205000","2026-08-01T16:22:32.205000","service_e26771ba-23cc-4ede-86d3-c06393e82682","service+e26771ba-23cc-4ede-86d3-c06393e82682@no-reply.base44.com","false"
"(Κενό)","26","2026-08-01T16:22:06.196Z","6a6d45b9c01f3b3d4dd2effa","202509","23","3","6a6e1d48dfa05194f0d222b7","2026-08-01T16:22:32.005000","2026-08-01T16:22:32.005000","service_e26771ba-23cc-4ede-86d3-c06393e82682","service+e26771ba-23cc-4ede-86d3-c06393e82682@no-reply.base44.com","false"
"(Κενό)","26","2026-08-01T16:22:06.196Z","6a6d45b9c01f3b3d4dd2effa","202209","26","0","6a6e1d47c48fffeb497d0018","2026-08-01T16:22:31.796000","2026-08-01T16:22:31.796000","service_e26771ba-23cc-4ede-86d3-c06393e82682","service+e26771ba-23cc-4ede-86d3-c06393e82682@no-reply.base44.com","false"
"'-","5","2026-08-01T16:22:06.196Z","6a6d45b9c01f3b3d4dd2effa","202009","4","1","6a6e1d4792df50c5dcf722a3","2026-08-01T16:22:31.591000","2026-08-01T16:22:31.591000","service_e26771ba-23cc-4ede-86d3-c06393e82682","service+e26771ba-23cc-4ede-86d3-c06393e82682@no-reply.base44.com","false"
"Π","93","2026-08-01T16:22:06.196Z","6a6d45b9c01f3b3d4dd2effa","(Άγνωστο)","61","32","6a6e1d470b0aadd458e62fab","2026-08-01T16:22:31.393000","2026-08-01T16:22:31.393000","service_e26771ba-23cc-4ede-86d3-c06393e82682","service+e26771ba-23cc-4ede-86d3-c06393e82682@no-reply.base44.com","false"
"Σ","37","2026-08-01T16:22:06.196Z","6a6d45b9c01f3b3d4dd2effa","2025","5","32","6a6e1d4713f691db4aec39b6","2026-08-01T16:22:31.134000","2026-08-01T16:22:31.134000","service_e26771ba-23cc-4ede-86d3-c06393e82682","service+e26771ba-23cc-4ede-86d3-c06393e82682@no-reply.base44.com","false"
"'-","9","2026-08-01T16:22:06.196Z","6a6d45b9c01f3b3d4dd2effa","2023","8","1","6a6e1d46ee16cc333582ed4b","2026-08-01T16:22:30.878000","2026-08-01T16:22:30.878000","service_e26771ba-23cc-4ede-86d3-c06393e82682","service+e26771ba-23cc-4ede-86d3-c06393e82682@no-reply.base44.com","false"
"Π","44","2026-08-01T16:22:06.196Z","6a6d45b9c01f3b3d4dd2effa","2025","19","25","6a6e1d46efe8f898e45264d1","2026-08-01T16:22:30.677000","2026-08-01T16:22:30.677000","service_e26771ba-23cc-4ede-86d3-c06393e82682","service+e26771ba-23cc-4ede-86d3-c06393e82682@no-reply.base44.com","false"
"Π","11","2026-08-01T16:22:06.196Z","6a6d45b9c01f3b3d4dd2effa","202009","9","2","6a6e1d46dd23bf37dff2b417","2026-08-01T16:22:30.481000","2026-08-01T16:22:30.481000","service_e26771ba-23cc-4ede-86d3-c06393e82682","service+e26771ba-23cc-4ede-86d3-c06393e82682@no-reply.base44.com","false"
"Σ","40","2026-08-01T16:22:06.196Z","6a6d45b9c01f3b3d4dd2effa","2023","9","31","6a6e1d46fa217055e53cf7b9","2026-08-01T16:22:30.284000","2026-08-01T16:22:30.284000","service_e26771ba-23cc-4ede-86d3-c06393e82682","service+e26771ba-23cc-4ede-86d3-c06393e82682@no-reply.base44.com","false"
"Π","25","2026-08-01T16:22:06.196Z","6a6d45b9c01f3b3d4dd2effa","202409","18","7","6a6e1d468b863afd203fc0f9","2026-08-01T16:22:30.088000","2026-08-01T16:22:30.088000","service_e26771ba-23cc-4ede-86d3-c06393e82682","service+e26771ba-23cc-4ede-86d3-c06393e82682@no-reply.base44.com","false"
"'-","5","2026-08-01T16:22:06.196Z","6a6d45b9c01f3b3d4dd2effa","202309","5","0","6a6e1d455e8542ec891e599c","2026-08-01T16:22:29.816000","2026-08-01T16:22:29.816000","service_e26771ba-23cc-4ede-86d3-c06393e82682","service+e26771ba-23cc-4ede-86d3-c06393e82682@no-reply.base44.com","false"
"Σ","10","2026-08-01T16:22:06.196Z","6a6d45b9c01f3b3d4dd2effa","202309","1","9","6a6e1d457a4385e966e15541","2026-08-01T16:22:29.600000","2026-08-01T16:22:29.600000","service_e26771ba-23cc-4ede-86d3-c06393e82682","service+e26771ba-23cc-4ede-86d3-c06393e82682@no-reply.base44.com","false"
"Π","46","2026-08-01T16:22:06.196Z","6a6d45b9c01f3b3d4dd2effa","2023","23","23","6a6e1d456a10ad29394ef275","2026-08-01T16:22:29.358000","2026-08-01T16:22:29.358000","service_e26771ba-23cc-4ede-86d3-c06393e82682","service+e26771ba-23cc-4ede-86d3-c06393e82682@no-reply.base44.com","false"
"Σ","69","2026-08-01T16:22:06.196Z","6a6d45b9c01f3b3d4dd2effa","2022","18","51","6a6e1d45fffac5e2c4dabcc3","2026-08-01T16:22:29.086000","2026-08-01T16:22:29.086000","service_e26771ba-23cc-4ede-86d3-c06393e82682","service+e26771ba-23cc-4ede-86d3-c06393e82682@no-reply.base44.com","false"
"Χ","4","2026-08-01T16:22:06.196Z","6a6d45b9c01f3b3d4dd2effa","2020","3","1","6a6e1d440f48826e02366215","2026-08-01T16:22:28.764000","2026-08-01T16:22:28.764000","service_e26771ba-23cc-4ede-86d3-c06393e82682","service+e26771ba-23cc-4ede-86d3-c06393e82682@no-reply.base44.com","false"
"Σ","20","2026-08-01T16:22:06.196Z","6a6d45b9c01f3b3d4dd2effa","2020","6","14","6a6e1d447cb473ca8d6913aa","2026-08-01T16:22:28.527000","2026-08-01T16:22:28.527000","service_e26771ba-23cc-4ede-86d3-c06393e82682","service+e26771ba-23cc-4ede-86d3-c06393e82682@no-reply.base44.com","false"
"Χ","16","2026-08-01T16:22:06.196Z","6a6d45b9c01f3b3d4dd2effa","202209","7","9","6a6e1d44f5d59f61c1ad1495","2026-08-01T16:22:28.318000","2026-08-01T16:22:28.318000","service_e26771ba-23cc-4ede-86d3-c06393e82682","service+e26771ba-23cc-4ede-86d3-c06393e82682@no-reply.base44.com","false"
"Χ","14","2026-08-01T16:22:06.196Z","6a6d45b9c01f3b3d4dd2effa","202309","2","12","6a6e1d44ad3f6483bfffc907","2026-08-01T16:22:28.117000","2026-08-01T16:22:28.117000","service_e26771ba-23cc-4ede-86d3-c06393e82682","service+e26771ba-23cc-4ede-86d3-c06393e82682@no-reply.base44.com","false"
"(Κενό)","191","2026-08-01T16:22:06.196Z","6a6d45b9c01f3b3d4dd2effa","(Άγνωστο)","89","102","6a6e1d4330a836c470bc6d16","2026-08-01T16:22:27.904000","2026-08-01T16:22:27.904000","service_e26771ba-23cc-4ede-86d3-c06393e82682","service+e26771ba-23cc-4ede-86d3-c06393e82682@no-reply.base44.com","false"
"'-","16","2026-08-01T16:22:06.196Z","6a6d45b9c01f3b3d4dd2effa","(Άγνωστο)","16","0","6a6e1d4315e1558ec2d571ed","2026-08-01T16:22:27.699000","2026-08-01T16:22:27.699000","service_e26771ba-23cc-4ede-86d3-c06393e82682","service+e26771ba-23cc-4ede-86d3-c06393e82682@no-reply.base44.com","false"
"Σ","172","2026-08-01T16:22:06.196Z","6a6d45b9c01f3b3d4dd2effa","(Άγνωστο)","44","128","6a6e1d4315e1558ec2d571ec","2026-08-01T16:22:27.500000","2026-08-01T16:22:27.500000","service_e26771ba-23cc-4ede-86d3-c06393e82682","service+e26771ba-23cc-4ede-86d3-c06393e82682@no-reply.base44.com","false"
"Σ","16","2026-08-01T16:22:06.196Z","6a6d45b9c01f3b3d4dd2effa","202409","2","14","6a6e1d43626091173abf2758","2026-08-01T16:22:27.291000","2026-08-01T16:22:27.291000","service_e26771ba-23cc-4ede-86d3-c06393e82682","service+e26771ba-23cc-4ede-86d3-c06393e82682@no-reply.base44.com","false"
"Σ","19","2026-08-01T16:22:06.196Z","6a6d45b9c01f3b3d4dd2effa","202509","8","11","6a6e1d43e98c04f8a260f3e6","2026-08-01T16:22:27.069000","2026-08-01T16:22:27.069000","service_e26771ba-23cc-4ede-86d3-c06393e82682","service+e26771ba-23cc-4ede-86d3-c06393e82682@no-reply.base44.com","false"
"Σ","14","2026-08-01T16:22:06.196Z","6a6d45b9c01f3b3d4dd2effa","202109","5","9","6a6e1d4271503fa01ad6b409","2026-08-01T16:22:26.865000","2026-08-01T16:22:26.865000","service_e26771ba-23cc-4ede-86d3-c06393e82682","service+e26771ba-23cc-4ede-86d3-c06393e82682@no-reply.base44.com","false"
"'-","14","2026-08-01T16:22:06.196Z","6a6d45b9c01f3b3d4dd2effa","202109","14","0","6a6e1d421e6cf790958cee4f","2026-08-01T16:22:26.642000","2026-08-01T16:22:26.642000","service_e26771ba-23cc-4ede-86d3-c06393e82682","service+e26771ba-23cc-4ede-86d3-c06393e82682@no-reply.base44.com","false"
"Π","49","2026-08-01T16:22:06.196Z","6a6d45b9c01f3b3d4dd2effa","202509","37","12","6a6e1d42f53516b8981c2599","2026-08-01T16:22:26.433000","2026-08-01T16:22:26.433000","service_e26771ba-23cc-4ede-86d3-c06393e82682","service+e26771ba-23cc-4ede-86d3-c06393e82682@no-reply.base44.com","false"
"(Κενό)","18","2026-08-01T16:22:06.196Z","6a6d45b9c01f3b3d4dd2effa","202309","17","1","6a6e1d42e963fbb1da603623","2026-08-01T16:22:26.223000","2026-08-01T16:22:26.223000","service_e26771ba-23cc-4ede-86d3-c06393e82682","service+e26771ba-23cc-4ede-86d3-c06393e82682@no-reply.base44.com","false"
"Χ","13","2026-08-01T16:22:06.196Z","6a6d45b9c01f3b3d4dd2effa","202409","8","5","6a6e1d426a6ae3dc51e5b212","2026-08-01T16:22:26.009000","2026-08-01T16:22:26.009000","service_e26771ba-23cc-4ede-86d3-c06393e82682","service+e26771ba-23cc-4ede-86d3-c06393e82682@no-reply.base44.com","false"
"Π","18","2026-08-01T16:22:06.196Z","6a6d45b9c01f3b3d4dd2effa","202209","11","7","6a6e1d41ede52c330ba31cbc","2026-08-01T16:22:25.761000","2026-08-01T16:22:25.761000","service_e26771ba-23cc-4ede-86d3-c06393e82682","service+e26771ba-23cc-4ede-86d3-c06393e82682@no-reply.base44.com","false"
"(Κενό)","1","2026-07-31T22:08:01.982Z","6a6d07bccfd16055e17fd2a3","201701","1","0","6a6d1cf6727e36d152307b8f","2026-07-31T22:08:54.424000","2026-07-31T22:08:54.424000","service_e26771ba-23cc-4ede-86d3-c06393e82682","service+e26771ba-23cc-4ede-86d3-c06393e82682@no-reply.base44.com","false"
"(Κενό)","3","2026-07-31T22:08:01.982Z","6a6d07bccfd16055e17fd2a3","2015","3","0","6a6d1cf6d9301c1e06044ee5","2026-07-31T22:08:54.203000","2026-07-31T22:08:54.203000","service_e26771ba-23cc-4ede-86d3-c06393e82682","service+e26771ba-23cc-4ede-86d3-c06393e82682@no-reply.base44.com","false"
"(Κενό)","1","2026-07-31T22:08:01.982Z","6a6d07bccfd16055e17fd2a3","101","1","0","6a6d1cf5b7de417bc43440de","2026-07-31T22:08:53.971000","2026-07-31T22:08:53.971000","service_e26771ba-23cc-4ede-86d3-c06393e82682","service+e26771ba-23cc-4ede-86d3-c06393e82682@no-reply.base44.com","false"
"Χ","1","2026-07-31T22:08:01.982Z","6a6d07bccfd16055e17fd2a3","2021","1","0","6a6d1cf5435a032520758100","2026-07-31T22:08:53.766000","2026-07-31T22:08:53.766000","service_e26771ba-23cc-4ede-86d3-c06393e82682","service+e26771ba-23cc-4ede-86d3-c06393e82682@no-reply.base44.com","false"
"(Κενό)","2","2026-07-31T22:08:01.982Z","6a6d07bccfd16055e17fd2a3","2017","2","0","6a6d1cf55c73b44dd93ffad0","2026-07-31T22:08:53.573000","2026-07-31T22:08:53.573000","service_e26771ba-23cc-4ede-86d3-c06393e82682","service+e26771ba-23cc-4ede-86d3-c06393e82682@no-reply.base44.com","false"
"(Κενό)","4","2026-07-31T22:08:01.982Z","6a6d07bccfd16055e17fd2a3","2026","4","0","6a6d1cf5e1f902d3b221716b","2026-07-31T22:08:53.345000","2026-07-31T22:08:53.345000","service_e26771ba-23cc-4ede-86d3-c06393e82682","service+e26771ba-23cc-4ede-86d3-c06393e82682@no-reply.base44.com","false"
"(Κενό)","1","2026-07-31T22:08:01.982Z","6a6d07bccfd16055e17fd2a3","ΗΜΥ","1","0","6a6d1cf5a20f69006e2a8059","2026-07-31T22:08:53.134000","2026-07-31T22:08:53.134000","service_e26771ba-23cc-4ede-86d3-c06393e82682","service+e26771ba-23cc-4ede-86d3-c06393e82682@no-reply.base44.com","false"
"(Κενό)","4","2026-07-31T22:08:01.982Z","6a6d07bccfd16055e17fd2a3","2016","4","0","6a6d1cf4ba013d925d1fc7f9","2026-07-31T22:08:52.893000","2026-07-31T22:08:52.893000","service_e26771ba-23cc-4ede-86d3-c06393e82682","service+e26771ba-23cc-4ede-86d3-c06393e82682@no-reply.base44.com","false"
"Σ","1","2026-07-31T22:08:01.982Z","6a6d07bccfd16055e17fd2a3","2026","1","0","6a6d1cf4a161192ea2df847b","2026-07-31T22:08:52.697000","2026-07-31T22:08:52.697000","service_e26771ba-23cc-4ede-86d3-c06393e82682","service+e26771ba-23cc-4ede-86d3-c06393e82682@no-reply.base44.com","false"
"Π","1","2026-07-31T22:08:01.982Z","6a6d07bccfd16055e17fd2a3","2015","1","0","6a6d1cf446c706b5a45cbb6b","2026-07-31T22:08:52.450000","2026-07-31T22:08:52.450000","service_e26771ba-23cc-4ede-86d3-c06393e82682","service+e26771ba-23cc-4ede-86d3-c06393e82682@no-reply.base44.com","false"
"Ε","1","2026-07-31T22:08:01.982Z","6a6d07bccfd16055e17fd2a3","2025","1","0","6a6d1cf45070998fe6b63546","2026-07-31T22:08:52.246000","2026-07-31T22:08:52.246000","service_e26771ba-23cc-4ede-86d3-c06393e82682","service+e26771ba-23cc-4ede-86d3-c06393e82682@no-reply.base44.com","false"
"Ε","12","2026-07-31T22:08:01.982Z","6a6d07bccfd16055e17fd2a3","(Άγνωστο)","12","0","6a6d1cf43171f1e9f85e1aed","2026-07-31T22:08:52.028000","2026-07-31T22:08:52.028000","service_e26771ba-23cc-4ede-86d3-c06393e82682","service+e26771ba-23cc-4ede-86d3-c06393e82682@no-reply.base44.com","false"
"'-","1","2026-07-31T22:08:01.982Z","6a6d07bccfd16055e17fd2a3","201909","1","0","6a6d1cf3084b9872c40c4fa6","2026-07-31T22:08:51.825000","2026-07-31T22:08:51.825000","service_e26771ba-23cc-4ede-86d3-c06393e82682","service+e26771ba-23cc-4ede-86d3-c06393e82682@no-reply.base44.com","false"
"Χ","4","2026-07-31T22:08:01.982Z","6a6d07bccfd16055e17fd2a3","2020","4","0","6a6d1cf36370048f8e22404f","2026-07-31T22:08:51.611000","2026-07-31T22:08:51.611000","service_e26771ba-23cc-4ede-86d3-c06393e82682","service+e26771ba-23cc-4ede-86d3-c06393e82682@no-reply.base44.com","false"
"Χ","1","2026-07-31T22:08:01.982Z","6a6d07bccfd16055e17fd2a3","2015","1","0","6a6d1cf31376cbb617e683bd","2026-07-31T22:08:51.396000","2026-07-31T22:08:51.396000","service_e26771ba-23cc-4ede-86d3-c06393e82682","service+e26771ba-23cc-4ede-86d3-c06393e82682@no-reply.base44.com","false"
"Χ","2","2026-07-31T22:08:01.982Z","6a6d07bccfd16055e17fd2a3","2018","2","0","6a6d1cf303247fce56bc635e","2026-07-31T22:08:51.171000","2026-07-31T22:08:51.171000","service_e26771ba-23cc-4ede-86d3-c06393e82682","service+e26771ba-23cc-4ede-86d3-c06393e82682@no-reply.base44.com","false"
"'-","2","2026-07-31T22:08:01.982Z","6a6d07bccfd16055e17fd2a3","2017","2","0","6a6d1cf2e07b60631626b939","2026-07-31T22:08:50.966000","2026-07-31T22:08:50.966000","service_e26771ba-23cc-4ede-86d3-c06393e82682","service+e26771ba-23cc-4ede-86d3-c06393e82682@no-reply.base44.com","false"
"'-","5","2026-07-31T22:08:01.982Z","6a6d07bccfd16055e17fd2a3","202309","5","0","6a6d1cf2ffa15df871abd46d","2026-07-31T22:08:50.770000","2026-07-31T22:08:50.770000","service_e26771ba-23cc-4ede-86d3-c06393e82682","service+e26771ba-23cc-4ede-86d3-c06393e82682@no-reply.base44.com","false"
"Χ","4","2026-07-31T22:08:01.982Z","6a6d07bccfd16055e17fd2a3","202109","4","0","6a6d1cf25070998fe6b63545","2026-07-31T22:08:50.564000","2026-07-31T22:08:50.564000","service_e26771ba-23cc-4ede-86d3-c06393e82682","service+e26771ba-23cc-4ede-86d3-c06393e82682@no-reply.base44.com","false"
"Σ","2","2026-07-31T22:08:01.982Z","6a6d07bccfd16055e17fd2a3","201909","2","0","6a6d1cf20072c7ad3eee2251","2026-07-31T22:08:50.358000","2026-07-31T22:08:50.358000","service_e26771ba-23cc-4ede-86d3-c06393e82682","service+e26771ba-23cc-4ede-86d3-c06393e82682@no-reply.base44.com","false"
"Χ","10","2026-07-31T22:08:01.982Z","6a6d07bccfd16055e17fd2a3","2023","10","0","6a6d1cf22421587dd4c71b71","2026-07-31T22:08:50.125000","2026-07-31T22:08:50.125000","service_e26771ba-23cc-4ede-86d3-c06393e82682","service+e26771ba-23cc-4ede-86d3-c06393e82682@no-reply.base44.com","false"
"Σ","7","2026-07-31T22:08:01.982Z","6a6d07bccfd16055e17fd2a3","2017","7","0","6a6d1cf1ba013d925d1fc7f5","2026-07-31T22:08:49.915000","2026-07-31T22:08:49.915000","service_e26771ba-23cc-4ede-86d3-c06393e82682","service+e26771ba-23cc-4ede-86d3-c06393e82682@no-reply.base44.com","false"
"'-","1","2026-07-31T22:08:01.982Z","6a6d07bccfd16055e17fd2a3","2015","1","0","6a6d1cf1cdbc2b139f368e58","2026-07-31T22:08:49.670000","2026-07-31T22:08:49.670000","service_e26771ba-23cc-4ede-86d3-c06393e82682","service+e26771ba-23cc-4ede-86d3-c06393e82682@no-reply.base44.com","false"
"Χ","3","2026-07-31T22:08:01.982Z","6a6d07bccfd16055e17fd2a3","2025","3","0","6a6d1cf1cda1e84b92d6a0eb","2026-07-31T22:08:49.455000","2026-07-31T22:08:49.455000","service_e26771ba-23cc-4ede-86d3-c06393e82682","service+e26771ba-23cc-4ede-86d3-c06393e82682@no-reply.base44.com","false"
"(Κενό)","105","2026-07-31T22:08:01.982Z","6a6d07bccfd16055e17fd2a3","2021","105","0","6a6d1cf110b5a34972c369a3","2026-07-31T22:08:49.247000","2026-07-31T22:08:49.247000","service_e26771ba-23cc-4ede-86d3-c06393e82682","service+e26771ba-23cc-4ede-86d3-c06393e82682@no-reply.base44.com","false"
"(Κενό)","24","2026-07-31T22:08:01.982Z","6a6d07bccfd16055e17fd2a3","2019","24","0","6a6d1cf19804c4160aefd6e2","2026-07-31T22:08:49.047000","2026-07-31T22:08:49.047000","service_e26771ba-23cc-4ede-86d3-c06393e82682","service+e26771ba-23cc-4ede-86d3-c06393e82682@no-reply.base44.com","false"
"(Κενό)","118","2026-07-31T22:08:01.982Z","6a6d07bccfd16055e17fd2a3","2022","118","0","6a6d1cf0982bb804316d0833","2026-07-31T22:08:48.839000","2026-07-31T22:08:48.839000","service_e26771ba-23cc-4ede-86d3-c06393e82682","service+e26771ba-23cc-4ede-86d3-c06393e82682@no-reply.base44.com","false"
"Χ","3","2026-07-31T22:08:01.982Z","6a6d07bccfd16055e17fd2a3","202509","3","0","6a6d1cf00db9913a8110ab68","2026-07-31T22:08:48.647000","2026-07-31T22:08:48.647000","service_e26771ba-23cc-4ede-86d3-c06393e82682","service+e26771ba-23cc-4ede-86d3-c06393e82682@no-reply.base44.com","false"
"(Κενό)","145","2026-07-31T22:08:01.982Z","6a6d07bccfd16055e17fd2a3","2025","145","0","6a6d1cf0c5117baafe7c864c","2026-07-31T22:08:48.421000","2026-07-31T22:08:48.421000","service_e26771ba-23cc-4ede-86d3-c06393e82682","service+e26771ba-23cc-4ede-86d3-c06393e82682@no-reply.base44.com","false"
"Π","6","2026-07-31T22:08:01.982Z","6a6d07bccfd16055e17fd2a3","2019","6","0","6a6d1cf012a6643da7b57abf","2026-07-31T22:08:48.174000","2026-07-31T22:08:48.174000","service_e26771ba-23cc-4ede-86d3-c06393e82682","service+e26771ba-23cc-4ede-86d3-c06393e82682@no-reply.base44.com","false"
"Χ","13","2026-07-31T22:08:01.982Z","6a6d07bccfd16055e17fd2a3","202409","13","0","6a6d1cef16d662381440d66e","2026-07-31T22:08:47.917000","2026-07-31T22:08:47.917000","service_e26771ba-23cc-4ede-86d3-c06393e82682","service+e26771ba-23cc-4ede-86d3-c06393e82682@no-reply.base44.com","false"
"Π","2","2026-07-31T22:08:01.982Z","6a6d07bccfd16055e17fd2a3","2018","2","0","6a6d1cefe636fd16465d775c","2026-07-31T22:08:47.728000","2026-07-31T22:08:47.728000","service_e26771ba-23cc-4ede-86d3-c06393e82682","service+e26771ba-23cc-4ede-86d3-c06393e82682@no-reply.base44.com","false"
"Σ","2","2026-07-31T22:08:01.982Z","6a6d07bccfd16055e17fd2a3","202009","2","0","6a6d1cefd450a8d6de22f636","2026-07-31T22:08:47.538000","2026-07-31T22:08:47.538000","service_e26771ba-23cc-4ede-86d3-c06393e82682","service+e26771ba-23cc-4ede-86d3-c06393e82682@no-reply.base44.com","false"
"Χ","3","2026-07-31T22:08:01.982Z","6a6d07bccfd16055e17fd2a3","202009","3","0","6a6d1cefd6830053943b786f","2026-07-31T22:08:47.349000","2026-07-31T22:08:47.349000","service_e26771ba-23cc-4ede-86d3-c06393e82682","service+e26771ba-23cc-4ede-86d3-c06393e82682@no-reply.base44.com","false"
"(Κενό)","136","2026-07-31T22:08:01.982Z","6a6d07bccfd16055e17fd2a3","2024","136","0","6a6d1ceffb7617a6a07f55e2","2026-07-31T22:08:47.132000","2026-07-31T22:08:47.132000","service_e26771ba-23cc-4ede-86d3-c06393e82682","service+e26771ba-23cc-4ede-86d3-c06393e82682@no-reply.base44.com","false"
"(Κενό)","52","2026-07-31T22:08:01.982Z","6a6d07bccfd16055e17fd2a3","2020","52","0","6a6d1cee29d339764495c00d","2026-07-31T22:08:46.929000","2026-07-31T22:08:46.929000","service_e26771ba-23cc-4ede-86d3-c06393e82682","service+e26771ba-23cc-4ede-86d3-c06393e82682@no-reply.base44.com","false"
"(Κενό)","191","2026-07-31T22:08:01.982Z","6a6d07bccfd16055e17fd2a3","(Άγνωστο)","191","0","6a6d1ceea22645519816ae21","2026-07-31T22:08:46.715000","2026-07-31T22:08:46.715000","service_e26771ba-23cc-4ede-86d3-c06393e82682","service+e26771ba-23cc-4ede-86d3-c06393e82682@no-reply.base44.com","false"
"'-","9","2026-07-31T22:08:01.982Z","6a6d07bccfd16055e17fd2a3","2024","9","0","6a6d1cee38088c6ee0726206","2026-07-31T22:08:46.511000","2026-07-31T22:08:46.511000","service_e26771ba-23cc-4ede-86d3-c06393e82682","service+e26771ba-23cc-4ede-86d3-c06393e82682@no-reply.base44.com","false"
"Σ","10","2026-07-31T22:08:01.982Z","6a6d07bccfd16055e17fd2a3","2018","10","0","6a6d1cee44403ba608847e34","2026-07-31T22:08:46.272000","2026-07-31T22:08:46.272000","service_e26771ba-23cc-4ede-86d3-c06393e82682","service+e26771ba-23cc-4ede-86d3-c06393e82682@no-reply.base44.com","false"
"Π","4","2026-07-31T22:08:01.982Z","6a6d07bccfd16055e17fd2a3","2017","4","0","6a6d1ceecfd16055e17ffdb8","2026-07-31T22:08:46.063000","2026-07-31T22:08:46.063000","service_e26771ba-23cc-4ede-86d3-c06393e82682","service+e26771ba-23cc-4ede-86d3-c06393e82682@no-reply.base44.com","false"
"Σ","11","2026-07-31T22:08:01.982Z","6a6d07bccfd16055e17fd2a3","2019","11","0","6a6d1ced9a50087d00beefee","2026-07-31T22:08:45.850000","2026-07-31T22:08:45.850000","service_e26771ba-23cc-4ede-86d3-c06393e82682","service+e26771ba-23cc-4ede-86d3-c06393e82682@no-reply.base44.com","false"
"Σ","6","2026-07-31T22:08:01.982Z","6a6d07bccfd16055e17fd2a3","2016","6","0","6a6d1ced34ec3f4df935f53c","2026-07-31T22:08:45.658000","2026-07-31T22:08:45.658000","service_e26771ba-23cc-4ede-86d3-c06393e82682","service+e26771ba-23cc-4ede-86d3-c06393e82682@no-reply.base44.com","false"
"'-","9","2026-07-31T22:08:01.982Z","6a6d07bccfd16055e17fd2a3","2023","9","0","6a6d1ced7fd4f95133d0ca9d","2026-07-31T22:08:45.456000","2026-07-31T22:08:45.456000","service_e26771ba-23cc-4ede-86d3-c06393e82682","service+e26771ba-23cc-4ede-86d3-c06393e82682@no-reply.base44.com","false"
"'-","16","2026-07-31T22:08:01.982Z","6a6d07bccfd16055e17fd2a3","(Άγνωστο)","16","0","6a6d1ceda161192ea2df8472","2026-07-31T22:08:45.179000","2026-07-31T22:08:45.179000","service_e26771ba-23cc-4ede-86d3-c06393e82682","service+e26771ba-23cc-4ede-86d3-c06393e82682@no-reply.base44.com","false"
"Δ","2","2026-07-31T22:08:01.982Z","6a6d07bccfd16055e17fd2a3","2022","2","0","6a6d1cec0750e0995ad92145","2026-07-31T22:08:44.962000","2026-07-31T22:08:44.962000","service_e26771ba-23cc-4ede-86d3-c06393e82682","service+e26771ba-23cc-4ede-86d3-c06393e82682@no-reply.base44.com","false"
"Ο","1","2026-07-31T22:08:01.982Z","6a6d07bccfd16055e17fd2a3","2025","1","0","6a6d1cec21c3c0cdf830475f","2026-07-31T22:08:44.740000","2026-07-31T22:08:44.740000","service_e26771ba-23cc-4ede-86d3-c06393e82682","service+e26771ba-23cc-4ede-86d3-c06393e82682@no-reply.base44.com","false"
"Ο","2","2026-07-31T22:08:01.982Z","6a6d07bccfd16055e17fd2a3","2023","2","0","6a6d1ceceb6622fe4271ac61","2026-07-31T22:08:44.511000","2026-07-31T22:08:44.511000","service_e26771ba-23cc-4ede-86d3-c06393e82682","service+e26771ba-23cc-4ede-86d3-c06393e82682@no-reply.base44.com","false"
"(Κενό)","7","2026-07-31T22:08:01.982Z","6a6d07bccfd16055e17fd2a3","2018","7","0","6a6d1cec15b8b773c3939f05","2026-07-31T22:08:44.187000","2026-07-31T22:08:44.187000","service_e26771ba-23cc-4ede-86d3-c06393e82682","service+e26771ba-23cc-4ede-86d3-c06393e82682@no-reply.base44.com","false"
"'-","17","2026-07-31T22:08:01.982Z","6a6d07bccfd16055e17fd2a3","2022","17","0","6a6d1ceb57163f823034b038","2026-07-31T22:08:43.978000","2026-07-31T22:08:43.978000","service_e26771ba-23cc-4ede-86d3-c06393e82682","service+e26771ba-23cc-4ede-86d3-c06393e82682@no-reply.base44.com","false"
"'-","4","2026-07-31T22:08:01.982Z","6a6d07bccfd16055e17fd2a3","2018","4","0","6a6d1ceba58a591c3aacf0bd","2026-07-31T22:08:43.785000","2026-07-31T22:08:43.785000","service_e26771ba-23cc-4ede-86d3-c06393e82682","service+e26771ba-23cc-4ede-86d3-c06393e82682@no-reply.base44.com","false"
"Π","1","2026-07-31T22:08:01.982Z","6a6d07bccfd16055e17fd2a3","ΙΣΑ","1","0","6a6d1ceb2f3bfe923f063d26","2026-07-31T22:08:43.576000","2026-07-31T22:08:43.576000","service_e26771ba-23cc-4ede-86d3-c06393e82682","service+e26771ba-23cc-4ede-86d3-c06393e82682@no-reply.base44.com","false"
"(Κενό)","26","2026-07-31T22:08:01.982Z","6a6d07bccfd16055e17fd2a3","202509","26","0","6a6d1ceb673dedbabcab619c","2026-07-31T22:08:43.338000","2026-07-31T22:08:43.338000","service_e26771ba-23cc-4ede-86d3-c06393e82682","service+e26771ba-23cc-4ede-86d3-c06393e82682@no-reply.base44.com","false"
"(Κενό)","18","2026-07-31T22:08:01.982Z","6a6d07bccfd16055e17fd2a3","202309","18","0","6a6d1ceb5af694f60980ca97","2026-07-31T22:08:43.137000","2026-07-31T22:08:43.137000","service_e26771ba-23cc-4ede-86d3-c06393e82682","service+e26771ba-23cc-4ede-86d3-c06393e82682@no-reply.base44.com","false"
"Σ","1","2026-07-31T22:08:01.982Z","6a6d07bccfd16055e17fd2a3","201609","1","0","6a6d1cea363a9daf65b1f9df","2026-07-31T22:08:42.930000","2026-07-31T22:08:42.930000","service_e26771ba-23cc-4ede-86d3-c06393e82682","service+e26771ba-23cc-4ede-86d3-c06393e82682@no-reply.base44.com","false"
"(Κενό)","147","2026-07-31T22:08:01.982Z","6a6d07bccfd16055e17fd2a3","2023","147","0","6a6d1ceab31a44eb6c6c1b23","2026-07-31T22:08:42.720000","2026-07-31T22:08:42.720000","service_e26771ba-23cc-4ede-86d3-c06393e82682","service+e26771ba-23cc-4ede-86d3-c06393e82682@no-reply.base44.com","false"
"Σ","69","2026-07-31T22:08:01.982Z","6a6d07bccfd16055e17fd2a3","2022","69","0","6a6d1cea09094585de6f59a9","2026-07-31T22:08:42.501000","2026-07-31T22:08:42.501000","service_e26771ba-23cc-4ede-86d3-c06393e82682","service+e26771ba-23cc-4ede-86d3-c06393e82682@no-reply.base44.com","false"
"Σ","39","2026-07-31T22:08:01.982Z","6a6d07bccfd16055e17fd2a3","2021","39","0","6a6d1cea8bc8ea615ae2994a","2026-07-31T22:08:42.295000","2026-07-31T22:08:42.295000","service_e26771ba-23cc-4ede-86d3-c06393e82682","service+e26771ba-23cc-4ede-86d3-c06393e82682@no-reply.base44.com","false"
"Π","18","2026-07-31T22:08:01.982Z","6a6d07bccfd16055e17fd2a3","2020","18","0","6a6d1ceacc878de96c1706a7","2026-07-31T22:08:42.096000","2026-07-31T22:08:42.096000","service_e26771ba-23cc-4ede-86d3-c06393e82682","service+e26771ba-23cc-4ede-86d3-c06393e82682@no-reply.base44.com","false"
"'-","6","2026-07-31T22:08:01.982Z","6a6d07bccfd16055e17fd2a3","202209","6","0","6a6d1ce90da9844ab0c338aa","2026-07-31T22:08:41.797000","2026-07-31T22:08:41.797000","service_e26771ba-23cc-4ede-86d3-c06393e82682","service+e26771ba-23cc-4ede-86d3-c06393e82682@no-reply.base44.com","false"
"Π","49","2026-07-31T22:08:01.982Z","6a6d07bccfd16055e17fd2a3","202509","49","0","6a6d1ce9601a7b44ebe050cf","2026-07-31T22:08:41.530000","2026-07-31T22:08:41.530000","service_e26771ba-23cc-4ede-86d3-c06393e82682","service+e26771ba-23cc-4ede-86d3-c06393e82682@no-reply.base44.com","false"
"'-","5","2026-07-31T22:08:01.982Z","6a6d07bccfd16055e17fd2a3","202009","5","0","6a6d1ce907365cfd5ea10deb","2026-07-31T22:08:41.330000","2026-07-31T22:08:41.330000","service_e26771ba-23cc-4ede-86d3-c06393e82682","service+e26771ba-23cc-4ede-86d3-c06393e82682@no-reply.base44.com","false"
"Π","35","2026-07-31T22:08:01.982Z","6a6d07bccfd16055e17fd2a3","202309","35","0","6a6d1ce9ccd2b69af1dcd962","2026-07-31T22:08:41.001000","2026-07-31T22:08:41.001000","service_e26771ba-23cc-4ede-86d3-c06393e82682","service+e26771ba-23cc-4ede-86d3-c06393e82682@no-reply.base44.com","false"
"Χ","16","2026-07-31T22:08:01.982Z","6a6d07bccfd16055e17fd2a3","202209","16","0","6a6d1ce8497909ab358d543b","2026-07-31T22:08:40.786000","2026-07-31T22:08:40.786000","service_e26771ba-23cc-4ede-86d3-c06393e82682","service+e26771ba-23cc-4ede-86d3-c06393e82682@no-reply.base44.com","false"
"Π","2","2026-07-31T22:08:01.982Z","6a6d07bccfd16055e17fd2a3","201909","2","0","6a6d1ce85ba477014a5bd1ae","2026-07-31T22:08:40.579000","2026-07-31T22:08:40.579000","service_e26771ba-23cc-4ede-86d3-c06393e82682","service+e26771ba-23cc-4ede-86d3-c06393e82682@no-reply.base44.com","false"
"'-","8","2026-07-31T22:08:01.982Z","6a6d07bccfd16055e17fd2a3","202509","8","0","6a6d1ce8092ee9380effeb7a","2026-07-31T22:08:40.369000","2026-07-31T22:08:40.369000","service_e26771ba-23cc-4ede-86d3-c06393e82682","service+e26771ba-23cc-4ede-86d3-c06393e82682@no-reply.base44.com","false"
"Σ","10","2026-07-31T22:08:01.982Z","6a6d07bccfd16055e17fd2a3","202309","10","0","6a6d1ce82b73262705ed3df8","2026-07-31T22:08:40.143000","2026-07-31T22:08:40.143000","service_e26771ba-23cc-4ede-86d3-c06393e82682","service+e26771ba-23cc-4ede-86d3-c06393e82682@no-reply.base44.com","false"
"Χ","3","2026-07-31T22:08:01.982Z","6a6d07bccfd16055e17fd2a3","2022","3","0","6a6d1ce704713db8a09066bf","2026-07-31T22:08:39.941000","2026-07-31T22:08:39.941000","service_e26771ba-23cc-4ede-86d3-c06393e82682","service+e26771ba-23cc-4ede-86d3-c06393e82682@no-reply.base44.com","false"
"'-","6","2026-07-31T22:08:01.982Z","6a6d07bccfd16055e17fd2a3","202409","6","0","6a6d1ce76dcedbe06d1c218b","2026-07-31T22:08:39.723000","2026-07-31T22:08:39.723000","service_e26771ba-23cc-4ede-86d3-c06393e82682","service+e26771ba-23cc-4ede-86d3-c06393e82682@no-reply.base44.com","false"
"Π","18","2026-07-31T22:08:01.982Z","6a6d07bccfd16055e17fd2a3","202209","18","0","6a6d1ce7380b8630d1181e51","2026-07-31T22:08:39.531000","2026-07-31T22:08:39.531000","service_e26771ba-23cc-4ede-86d3-c06393e82682","service+e26771ba-23cc-4ede-86d3-c06393e82682@no-reply.base44.com","false"
"Π","2","2026-07-31T22:08:01.982Z","6a6d07bccfd16055e17fd2a3","202301","2","0","6a6d1ce7df5c9366bac86ba9","2026-07-31T22:08:39.338000","2026-07-31T22:08:39.338000","service_e26771ba-23cc-4ede-86d3-c06393e82682","service+e26771ba-23cc-4ede-86d3-c06393e82682@no-reply.base44.com","false"
"Π","25","2026-07-31T22:08:01.982Z","6a6d07bccfd16055e17fd2a3","202409","25","0","6a6d1ce70e1f844b3f645ed3","2026-07-31T22:08:39.074000","2026-07-31T22:08:39.074000","service_e26771ba-23cc-4ede-86d3-c06393e82682","service+e26771ba-23cc-4ede-86d3-c06393e82682@no-reply.base44.com","false"
"Π","15","2026-07-31T22:08:01.982Z","6a6d07bccfd16055e17fd2a3","2021","15","0","6a6d1ce6fb59fcad6dde5f33","2026-07-31T22:08:38.822000","2026-07-31T22:08:38.822000","service_e26771ba-23cc-4ede-86d3-c06393e82682","service+e26771ba-23cc-4ede-86d3-c06393e82682@no-reply.base44.com","false"
"Σ","14","2026-07-31T22:08:01.982Z","6a6d07bccfd16055e17fd2a3","202109","14","0","6a6d1ce674478f3a04705c7f","2026-07-31T22:08:38.622000","2026-07-31T22:08:38.622000","service_e26771ba-23cc-4ede-86d3-c06393e82682","service+e26771ba-23cc-4ede-86d3-c06393e82682@no-reply.base44.com","false"
"Δ","5","2026-07-31T22:08:01.982Z","6a6d07bccfd16055e17fd2a3","2023","5","0","6a6d1ce6673dedbabcab6196","2026-07-31T22:08:38.381000","2026-07-31T22:08:38.381000","service_e26771ba-23cc-4ede-86d3-c06393e82682","service+e26771ba-23cc-4ede-86d3-c06393e82682@no-reply.base44.com","false"
"Χ","10","2026-07-31T22:08:01.982Z","6a6d07bccfd16055e17fd2a3","2024","10","0","6a6d1ce61564152f9d754ab4","2026-07-31T22:08:38.179000","2026-07-31T22:08:38.179000","service_e26771ba-23cc-4ede-86d3-c06393e82682","service+e26771ba-23cc-4ede-86d3-c06393e82682@no-reply.base44.com","false"
"'-","7","2026-07-31T22:08:01.982Z","6a6d07bccfd16055e17fd2a3","2019","7","0","6a6d1ce53179e5ecd6b0655b","2026-07-31T22:08:37.938000","2026-07-31T22:08:37.938000","service_e26771ba-23cc-4ede-86d3-c06393e82682","service+e26771ba-23cc-4ede-86d3-c06393e82682@no-reply.base44.com","false"
"'-","6","2026-07-31T22:08:01.982Z","6a6d07bccfd16055e17fd2a3","2020","6","0","6a6d1ce5e0771beedb9a31a7","2026-07-31T22:08:37.714000","2026-07-31T22:08:37.714000","service_e26771ba-23cc-4ede-86d3-c06393e82682","service+e26771ba-23cc-4ede-86d3-c06393e82682@no-reply.base44.com","false"
"Δ","5","2026-07-31T22:08:01.982Z","6a6d07bccfd16055e17fd2a3","2024","5","0","6a6d1ce58b3161a87feaecd7","2026-07-31T22:08:37.500000","2026-07-31T22:08:37.500000","service_e26771ba-23cc-4ede-86d3-c06393e82682","service+e26771ba-23cc-4ede-86d3-c06393e82682@no-reply.base44.com","false"
"Χ","38","2026-07-31T22:08:01.982Z","6a6d07bccfd16055e17fd2a3","(Άγνωστο)","38","0","6a6d1ce5bd93d42a3b3aca85","2026-07-31T22:08:37.210000","2026-07-31T22:08:37.210000","service_e26771ba-23cc-4ede-86d3-c06393e82682","service+e26771ba-23cc-4ede-86d3-c06393e82682@no-reply.base44.com","false"
"Δ","3","2026-07-31T22:08:01.982Z","6a6d07bccfd16055e17fd2a3","2025","3","0","6a6d1ce40cede6239f09aac3","2026-07-31T22:08:36.967000","2026-07-31T22:08:36.967000","service_e26771ba-23cc-4ede-86d3-c06393e82682","service+e26771ba-23cc-4ede-86d3-c06393e82682@no-reply.base44.com","false"
"(Κενό)","20","2026-07-31T22:08:01.982Z","6a6d07bccfd16055e17fd2a3","202409","20","0","6a6d1ce418a158bdddb71e9b","2026-07-31T22:08:36.768000","2026-07-31T22:08:36.768000","service_e26771ba-23cc-4ede-86d3-c06393e82682","service+e26771ba-23cc-4ede-86d3-c06393e82682@no-reply.base44.com","false"
"Σ","19","2026-07-31T22:08:01.982Z","6a6d07bccfd16055e17fd2a3","202509","19","0","6a6d1ce4835077d92a408cc7","2026-07-31T22:08:36.545000","2026-07-31T22:08:36.545000","service_e26771ba-23cc-4ede-86d3-c06393e82682","service+e26771ba-23cc-4ede-86d3-c06393e82682@no-reply.base44.com","false"
"Σ","22","2026-07-31T22:08:01.982Z","6a6d07bccfd16055e17fd2a3","202209","22","0","6a6d1ce4a3f517d5df91e05b","2026-07-31T22:08:36.320000","2026-07-31T22:08:36.320000","service_e26771ba-23cc-4ede-86d3-c06393e82682","service+e26771ba-23cc-4ede-86d3-c06393e82682@no-reply.base44.com","false"
"(Κενό)","26","2026-07-31T22:08:01.982Z","6a6d07bccfd16055e17fd2a3","202209","26","0","6a6d1ce45daa9a540e38f104","2026-07-31T22:08:36.131000","2026-07-31T22:08:36.131000","service_e26771ba-23cc-4ede-86d3-c06393e82682","service+e26771ba-23cc-4ede-86d3-c06393e82682@no-reply.base44.com","false"
"Π","10","2026-07-31T22:08:01.982Z","6a6d07bccfd16055e17fd2a3","202109","10","0","6a6d1ce3558b3a0bc3f5d6f7","2026-07-31T22:08:35.938000","2026-07-31T22:08:35.938000","service_e26771ba-23cc-4ede-86d3-c06393e82682","service+e26771ba-23cc-4ede-86d3-c06393e82682@no-reply.base44.com","false"
"'-","2","2026-07-31T22:08:01.982Z","6a6d07bccfd16055e17fd2a3","2016","2","0","6a6d1ce3beae3106e381c421","2026-07-31T22:08:35.744000","2026-07-31T22:08:35.744000","service_e26771ba-23cc-4ede-86d3-c06393e82682","service+e26771ba-23cc-4ede-86d3-c06393e82682@no-reply.base44.com","false"
"'-","13","2026-07-31T22:08:01.982Z","6a6d07bccfd16055e17fd2a3","2021","13","0","6a6d1ce3ffa15df871abd467","2026-07-31T22:08:35.491000","2026-07-31T22:08:35.491000","service_e26771ba-23cc-4ede-86d3-c06393e82682","service+e26771ba-23cc-4ede-86d3-c06393e82682@no-reply.base44.com","false"
"Π","25","2026-07-31T22:08:01.982Z","6a6d07bccfd16055e17fd2a3","2022","25","0","6a6d1ce3e2f2e8b796fa8ec3","2026-07-31T22:08:35.271000","2026-07-31T22:08:35.271000","service_e26771ba-23cc-4ede-86d3-c06393e82682","service+e26771ba-23cc-4ede-86d3-c06393e82682@no-reply.base44.com","false"
"'-","8","2026-07-31T22:08:01.982Z","6a6d07bccfd16055e17fd2a3","2025","8","0","6a6d1ce368cbf3526b43d038","2026-07-31T22:08:35.064000","2026-07-31T22:08:35.064000","service_e26771ba-23cc-4ede-86d3-c06393e82682","service+e26771ba-23cc-4ede-86d3-c06393e82682@no-reply.base44.com","false"
"Σ","37","2026-07-31T22:08:01.982Z","6a6d07bccfd16055e17fd2a3","2025","37","0","6a6d1ce22b827f8de0c1ccf3","2026-07-31T22:08:34.753000","2026-07-31T22:08:34.753000","service_e26771ba-23cc-4ede-86d3-c06393e82682","service+e26771ba-23cc-4ede-86d3-c06393e82682@no-reply.base44.com","false"
"Σ","20","2026-07-31T22:08:01.982Z","6a6d07bccfd16055e17fd2a3","2020","20","0","6a6d1ce21f0d0d59124c1b03","2026-07-31T22:08:34.560000","2026-07-31T22:08:34.560000","service_e26771ba-23cc-4ede-86d3-c06393e82682","service+e26771ba-23cc-4ede-86d3-c06393e82682@no-reply.base44.com","false"
"Σ","16","2026-07-31T22:08:01.982Z","6a6d07bccfd16055e17fd2a3","202409","16","0","6a6d1ce20db9913a8110ab5e","2026-07-31T22:08:34.363000","2026-07-31T22:08:34.363000","service_e26771ba-23cc-4ede-86d3-c06393e82682","service+e26771ba-23cc-4ede-86d3-c06393e82682@no-reply.base44.com","false"
"(Κενό)","49","2026-07-31T22:08:01.982Z","6a6d07bccfd16055e17fd2a3","202109","49","0","6a6d1ce23102040a9f39e261","2026-07-31T22:08:34.168000","2026-07-31T22:08:34.168000","service_e26771ba-23cc-4ede-86d3-c06393e82682","service+e26771ba-23cc-4ede-86d3-c06393e82682@no-reply.base44.com","false"
"Χ","3","2026-07-31T22:08:01.982Z","6a6d07bccfd16055e17fd2a3","2019","3","0","6a6d1ce1154e8944aec40a75","2026-07-31T22:08:33.976000","2026-07-31T22:08:33.976000","service_e26771ba-23cc-4ede-86d3-c06393e82682","service+e26771ba-23cc-4ede-86d3-c06393e82682@no-reply.base44.com","false"
"Σ","172","2026-07-31T22:08:01.982Z","6a6d07bccfd16055e17fd2a3","(Άγνωστο)","172","0","6a6d1ce14457634e37b9da37","2026-07-31T22:08:33.680000","2026-07-31T22:08:33.680000","service_e26771ba-23cc-4ede-86d3-c06393e82682","service+e26771ba-23cc-4ede-86d3-c06393e82682@no-reply.base44.com","false"
"Ο","11","2026-07-31T22:08:01.982Z","6a6d07bccfd16055e17fd2a3","(Άγνωστο)","11","0","6a6d1ce1d49c561bcda4d67f","2026-07-31T22:08:33.399000","2026-07-31T22:08:33.399000","service_e26771ba-23cc-4ede-86d3-c06393e82682","service+e26771ba-23cc-4ede-86d3-c06393e82682@no-reply.base44.com","false"
"Σ","47","2026-07-31T22:08:01.982Z","6a6d07bccfd16055e17fd2a3","2024","47","0","6a6d1ce1ed8a42a5b2e4bd2a","2026-07-31T22:08:33.156000","2026-07-31T22:08:33.156000","service_e26771ba-23cc-4ede-86d3-c06393e82682","service+e26771ba-23cc-4ede-86d3-c06393e82682@no-reply.base44.com","false"
"Π","46","2026-07-31T22:08:01.982Z","6a6d07bccfd16055e17fd2a3","2024","46","0","6a6d1ce0ca66db9a6708806f","2026-07-31T22:08:32.879000","2026-07-31T22:08:32.879000","service_e26771ba-23cc-4ede-86d3-c06393e82682","service+e26771ba-23cc-4ede-86d3-c06393e82682@no-reply.base44.com","false"
"Δ","13","2026-07-31T22:08:01.982Z","6a6d07bccfd16055e17fd2a3","(Άγνωστο)","13","0","6a6d1ce0a6f85ac5907ed118","2026-07-31T22:08:32.668000","2026-07-31T22:08:32.668000","service_e26771ba-23cc-4ede-86d3-c06393e82682","service+e26771ba-23cc-4ede-86d3-c06393e82682@no-reply.base44.com","false"
"Π","93","2026-07-31T22:08:01.982Z","6a6d07bccfd16055e17fd2a3","(Άγνωστο)","93","0","6a6d1ce0a05431668ee7e94d","2026-07-31T22:08:32.463000","2026-07-31T22:08:32.463000","service_e26771ba-23cc-4ede-86d3-c06393e82682","service+e26771ba-23cc-4ede-86d3-c06393e82682@no-reply.base44.com","false"
"Π","44","2026-07-31T22:08:01.982Z","6a6d07bccfd16055e17fd2a3","2025","44","0","6a6d1ce0a58a591c3aacf0b2","2026-07-31T22:08:32.266000","2026-07-31T22:08:32.266000","service_e26771ba-23cc-4ede-86d3-c06393e82682","service+e26771ba-23cc-4ede-86d3-c06393e82682@no-reply.base44.com","false"
"Χ","14","2026-07-31T22:08:01.982Z","6a6d07bccfd16055e17fd2a3","202309","14","0","6a6d1ce01be31beaa93dc42b","2026-07-31T22:08:32.076000","2026-07-31T22:08:32.076000","service_e26771ba-23cc-4ede-86d3-c06393e82682","service+e26771ba-23cc-4ede-86d3-c06393e82682@no-reply.base44.com","false"
"(Κενό)","41","2026-07-31T22:08:01.982Z","6a6d07bccfd16055e17fd2a3","202009","41","0","6a6d1cdf656cb6607372682a","2026-07-31T22:08:31.879000","2026-07-31T22:08:31.879000","service_e26771ba-23cc-4ede-86d3-c06393e82682","service+e26771ba-23cc-4ede-86d3-c06393e82682@no-reply.base44.com","false"
"'-","14","2026-07-31T22:08:01.982Z","6a6d07bccfd16055e17fd2a3","202109","14","0","6a6d1cdfc625f4180d865e05","2026-07-31T22:08:31.673000","2026-07-31T22:08:31.673000","service_e26771ba-23cc-4ede-86d3-c06393e82682","service+e26771ba-23cc-4ede-86d3-c06393e82682@no-reply.base44.com","false"
"Π","11","2026-07-31T22:08:01.982Z","6a6d07bccfd16055e17fd2a3","202009","11","0","6a6d1cdf04713db8a09066be","2026-07-31T22:08:31.464000","2026-07-31T22:08:31.464000","service_e26771ba-23cc-4ede-86d3-c06393e82682","service+e26771ba-23cc-4ede-86d3-c06393e82682@no-reply.base44.com","false"
"Π","46","2026-07-31T22:08:01.982Z","6a6d07bccfd16055e17fd2a3","2023","46","0","6a6d1cdfa22645519816ae1b","2026-07-31T22:08:31.261000","2026-07-31T22:08:31.261000","service_e26771ba-23cc-4ede-86d3-c06393e82682","service+e26771ba-23cc-4ede-86d3-c06393e82682@no-reply.base44.com","false"
"Σ","40","2026-07-31T22:08:01.982Z","6a6d07bccfd16055e17fd2a3","2023","40","0","6a6d1cdf5dc48b3ce6769c23","2026-07-31T22:08:31.068000","2026-07-31T22:08:31.068000","service_e26771ba-23cc-4ede-86d3-c06393e82682","service+e26771ba-23cc-4ede-86d3-c06393e82682@no-reply.base44.com","false"